Id,Question,Answer,Short Answer,Depiction,CulturalProperty,CulturalProperty Class,Typology,Short Answer_index
EVENTSITE,Dove si è svolto l'evento culturale relativo al bene?,L'evento culturale Archivi fotografici delle Soprintendenze (per exempla) si è svolto nel Palazzo Pepoli Campogrande. (261 - 377),Palazzo Pepoli Campogrande,http://www.sigecweb.beniculturali.it/images/fullsize/ICCD1058894/ICCD13589490_00254860.jpg,https://w3id.org/arco/resource/PhotographicHeritage/0800391974,PhotographicHeritage,GENERAL,"Palazzo Pepoli Campogrande [indAnswer: (90 - 115), indDescription: (351 - 376)]"
EVENTSITE,Dove si è svolto l'evento culturale relativo al bene?,L'evento culturale Un catalogo per immagini si è svolto nel Palazzo Chiablese. (478 - 555),Palazzo Chiablese,http://www.sigecweb.beniculturali.it/images/fullsize/ICCD1038644/ICCD13515232_0100262191%2D011.jpg,https://w3id.org/arco/resource/PhotographicHeritage/0100262191A-11,PhotographicHeritage,GENERAL,"Palazzo Chiablese [indAnswer: (60 - 76), indDescription: (538 - 554)]"
EVENTSITE,Dove si è svolto l'evento culturale relativo al bene?,L'evento culturale Alfredo d'Andrade: tutela e restauro si è svolto nel Palazzo Reale - Palazzo Madama. (275 - 377),Palazzo Reale - Palazzo Madama,http://www.sigecweb.beniculturali.it/images/fullsize/ICCD12506/ICCD2388222_FTM_30471S911.jpg,https://w3id.org/arco/resource/HistoricOrArtisticProperty/0100028024,HistoricOrArtisticProperty,OGGETTO,"Palazzo Reale - Palazzo Madama [indAnswer: (72 - 101), indDescription: (347 - 376)]"
EVENTSITE,Dove si è svolto l'evento culturale relativo al bene?,L'evento culturale Un catalogo per immagini si è svolto nel Palazzo Chiablese. (478 - 555),Palazzo Chiablese,http://www.sigecweb.beniculturali.it/images/fullsize/ICCD1038644/ICCD13487008_0100262191%2D003.jpg,https://w3id.org/arco/resource/PhotographicHeritage/0100262191A-3,PhotographicHeritage,GENERAL,"Palazzo Chiablese [indAnswer: (60 - 76), indDescription: (538 - 554)]"
EVENTSITE,Dove si è svolto l'evento culturale relativo al bene?,L'evento culturale Un catalogo per immagini si è svolto nel Palazzo Chiablese. (417 - 494),Palazzo Chiablese,http://www.sigecweb.beniculturali.it/images/fullsize/ICCD1038644/ICCD13515262_0100262191%2D026.jpg,https://w3id.org/arco/resource/PhotographicHeritage/0100262191A-26,PhotographicHeritage,GENERAL,"Palazzo Chiablese [indAnswer: (60 - 76), indDescription: (477 - 493)]"
EVENTSITE,Dove si è svolto l'evento culturale relativo al bene?,L'evento culturale Un catalogo per immagini si è svolto nel Palazzo Chiablese. (409 - 486),Palazzo Chiablese,http://www.sigecweb.beniculturali.it/images/fullsize/ICCD1038644/ICCD13334798_0100262147.jpg,https://w3id.org/arco/resource/PhotographicHeritage/0100262147,PhotographicHeritage,GENERAL,"Palazzo Chiablese [indAnswer: (60 - 76), indDescription: (469 - 485)]"
EVENTSITE,Dove si è svolto l'evento culturale relativo al bene?,L'evento culturale Un catalogo per immagini si è svolto nel Palazzo Chiablese. (478 - 555),Palazzo Chiablese,http://www.sigecweb.beniculturali.it/images/fullsize/ICCD1038644/ICCD13515226_0100262191%2D008.jpg,https://w3id.org/arco/resource/PhotographicHeritage/0100262191A-8,PhotographicHeritage,GENERAL,"Palazzo Chiablese [indAnswer: (60 - 76), indDescription: (538 - 554)]"
EVENTSITE,Dove si è svolto l'evento culturale relativo al bene?,L'evento culturale Un catalogo per immagini si è svolto nel Palazzo Chiablese. (451 - 528),Palazzo Chiablese,http://www.sigecweb.beniculturali.it/images/fullsize/ICCD1038644/ICCD13515256_0100262191%2D023.jpg,https://w3id.org/arco/resource/PhotographicHeritage/0100262191A-23,PhotographicHeritage,GENERAL,"Palazzo Chiablese [indAnswer: (60 - 76), indDescription: (511 - 527)]"
EVENTSITE,Dove si è svolto l'evento culturale relativo al bene?,L'evento culturale Archivi fotografici delle Soprintendenze (per exempla) si è svolto nel Palazzo Pepoli Campogrande. (248 - 364),Palazzo Pepoli Campogrande,http://www.sigecweb.beniculturali.it/images/fullsize/ICCD1005566/ICCD10708305_P_000006.jpg,https://w3id.org/arco/resource/PhotographicHeritage/0800265621,PhotographicHeritage,GENERAL,"Palazzo Pepoli Campogrande [indAnswer: (90 - 115), indDescription: (338 - 363)]"
EVENTSITE,Dove si è svolto l'evento culturale relativo al bene?,L'evento culturale Lo spazio il tempo e le opere. Il catalogo del bene culturale si è svolto nel Pinacoteca Nazionale. (435 - 552),Pinacoteca Nazionale,http://www.sigecweb.beniculturali.it/images/fullsize/ICCD50007109/ICCD5518091_00235390.jpg,https://w3id.org/arco/resource/PhotographicHeritage/0800391683,PhotographicHeritage,GENERAL,"Pinacoteca Nazionale [indAnswer: (97 - 116), indDescription: (532 - 551)]"
EVENTSITE,Dove si è svolto l'evento culturale relativo al bene?,L'evento culturale Alfredo d'Andrade: tutela e restauro si è svolto nel Palazzo Reale - Palazzo Madama. (174 - 276),Palazzo Reale - Palazzo Madama,http://www.sigecweb.beniculturali.it/images/fullsize/ICCD12506/ICCD2388204_FTM_30406S913.jpg,https://w3id.org/arco/resource/HistoricOrArtisticProperty/0100028015,HistoricOrArtisticProperty,OGGETTO,"Palazzo Reale - Palazzo Madama [indAnswer: (72 - 101), indDescription: (246 - 275)]"
EVENTSITE,Dove si è svolto l'evento culturale relativo al bene?,L'evento culturale Il Museo della casa fiorentina antica in Palazzo Davanzati. Gli arredi storici nelle foto di Elia Volpi si è svolto nel Museo di Palazzo Davanzati. (463 - 628),Museo di Palazzo Davanzati,http://www.sigecweb.beniculturali.it/images/fullsize/ICCD1015745/ICCD11412287_SSPSAEPM%20FI%2024732UC.jpg,https://w3id.org/arco/resource/PhotographicHeritage/0900748865-38,PhotographicHeritage,GENERAL,"Museo di Palazzo Davanzati [indAnswer: (139 - 164), indDescription: (602 - 627)]"
EVENTSITE,Dove si è svolto l'evento culturale relativo al bene?,L'evento culturale Un catalogo per immagini si è svolto nel Palazzo Chiablese. (452 - 529),Palazzo Chiablese,http://www.sigecweb.beniculturali.it/images/fullsize/ICCD1038644/ICCD13515254_0100262191%2D022.jpg,https://w3id.org/arco/resource/PhotographicHeritage/0100262191A-22,PhotographicHeritage,GENERAL,"Palazzo Chiablese [indAnswer: (60 - 76), indDescription: (512 - 528)]"
EVENTSITE,Dove si è svolto l'evento culturale relativo al bene?,L'evento culturale Archivi fotografici delle Soprintendenze (per exempla) si è svolto nel Palazzo Pepoli Campogrande. (248 - 364),Palazzo Pepoli Campogrande,http://www.sigecweb.beniculturali.it/images/fullsize/ICCD1005566/ICCD10708372_P_000007.jpg,https://w3id.org/arco/resource/PhotographicHeritage/0800265622,PhotographicHeritage,GENERAL,"Palazzo Pepoli Campogrande [indAnswer: (90 - 115), indDescription: (338 - 363)]"
EVENTSITE,Dove si è svolto l'evento culturale relativo al bene?,L'evento culturale Archivi fotografici delle Soprintendenze (per exempla) si è svolto nel Palazzo pepoli Campogrande. (476 - 592),Palazzo pepoli Campogrande,http://www.sigecweb.beniculturali.it/images/fullsize/ICCD1058894/ICCD13589826_00254825.jpg,https://w3id.org/arco/resource/PhotographicHeritage/0800366431,PhotographicHeritage,GENERAL,"Palazzo pepoli Campogrande [indAnswer: (90 - 115), indDescription: (566 - 591)]"
EVENTSITE,Dove si è svolto l'evento culturale relativo al bene?,L'evento culturale Alfredo d'Andrade: tutela e restauro si è svolto nel Palazzo Reale - Palazzo Madama. (129 - 231),Palazzo Reale - Palazzo Madama,http://www.sigecweb.beniculturali.it/images/fullsize/ICCD1038644/ICCD13334770_0100262092%2D004.jpg,https://w3id.org/arco/resource/PhotographicHeritage/0100262092A-4,PhotographicHeritage,GENERAL,"Palazzo Reale - Palazzo Madama [indAnswer: (72 - 101), indDescription: (201 - 230)]"
EVENTSITE,Dove si è svolto l'evento culturale relativo al bene?,L'evento culturale Un catalogo per immagini si è svolto nel Palazzo Chiablese. (304 - 381),Palazzo Chiablese,http://www.sigecweb.beniculturali.it/images/fullsize/ICCD1038644/ICCD13488641_0100262479.jpg,https://w3id.org/arco/resource/PhotographicHeritage/0100262479,PhotographicHeritage,GENERAL,"Palazzo Chiablese [indAnswer: (60 - 76), indDescription: (364 - 380)]"
EVENTSITE,Dove si è svolto l'evento culturale relativo al bene?,L'evento culturale Arte nelle fotografie di Palazzo Pepoli Campogrande si è svolto nel Palazzo pepoli Campogrande. (380 - 493),Palazzo pepoli Campogrande,http://www.sigecweb.beniculturali.it/images/fullsize/ICCD50007109/ICCD5518139_00235414.jpg,https://w3id.org/arco/resource/PhotographicHeritage/0800391707,PhotographicHeritage,GENERAL,"Palazzo pepoli Campogrande [indAnswer: (87 - 112), indDescription: (467 - 492)]"
EVENTSITE,Dove si è svolto l'evento culturale relativo al bene?,L'evento culturale Alfredo d'Andrade: tutela e restauro si è svolto nel Palazzo Reale - Palazzo Madama. (93 - 195),Palazzo Reale - Palazzo Madama,http://www.sigecweb.beniculturali.it/images/fullsize/ICCD1038644/ICCD13334772_0100262092%2D005.jpg,https://w3id.org/arco/resource/PhotographicHeritage/0100262092A-5,PhotographicHeritage,GENERAL,"Palazzo Reale - Palazzo Madama [indAnswer: (72 - 101), indDescription: (165 - 194)]"
EVENTSITE,Dove si è svolto l'evento culturale relativo al bene?,L'evento culturale Arte nelle fotografie di Palazzo Pepoli Campogrande si è svolto nel Palazzo Pepoli Campogrande. (397 - 510),Palazzo Pepoli Campogrande,http://www.sigecweb.beniculturali.it/images/fullsize/ICCD50007109/ICCD5518137_00235413.jpg,https://w3id.org/arco/resource/PhotographicHeritage/0800391706,PhotographicHeritage,GENERAL,"Palazzo Pepoli Campogrande [indAnswer: (44 - 69), indDescription: (484 - 509)]"
EVENTSITE,Dove si è svolto l'evento culturale relativo al bene?,L'evento culturale Un catalogo per immagini si è svolto nel Palazzo Chiablese. (351 - 428),Palazzo Chiablese,http://www.sigecweb.beniculturali.it/images/fullsize/ICCD1038644/ICCD13334804_0100262149.jpg,https://w3id.org/arco/resource/PhotographicHeritage/0100262149,PhotographicHeritage,GENERAL,"Palazzo Chiablese [indAnswer: (60 - 76), indDescription: (411 - 427)]"
EVENTSITE,Dove si è svolto l'evento culturale relativo al bene?,L'evento culturale Un catalogo per immagini si è svolto nel Palazzo Chiablese. (478 - 555),Palazzo Chiablese,http://www.sigecweb.beniculturali.it/images/fullsize/ICCD1038644/ICCD13515246_0100262191%2D018.jpg,https://w3id.org/arco/resource/PhotographicHeritage/0100262191A-18,PhotographicHeritage,GENERAL,"Palazzo Chiablese [indAnswer: (60 - 76), indDescription: (538 - 554)]"
EVENTSITE,Dove si è svolto l'evento culturale relativo al bene?,L'evento culturale Un catalogo per immagini si è svolto nel Palazzo Chiablese. (478 - 555),Palazzo Chiablese,http://www.sigecweb.beniculturali.it/images/fullsize/ICCD1038644/ICCD13515220_0100262191%2D005.jpg,https://w3id.org/arco/resource/PhotographicHeritage/0100262191A-5,PhotographicHeritage,GENERAL,"Palazzo Chiablese [indAnswer: (60 - 76), indDescription: (538 - 554)]"
EVENTSITE,Dove si è svolto l'evento culturale relativo al bene?,L'evento culturale Un catalogo per immagini si è svolto nel Palazzo Chiablese. (442 - 519),Palazzo Chiablese,http://www.sigecweb.beniculturali.it/images/fullsize/ICCD1038644/ICCD13487006_0100262191%2D002.jpg,https://w3id.org/arco/resource/PhotographicHeritage/0100262191A-2,PhotographicHeritage,GENERAL,"Palazzo Chiablese [indAnswer: (60 - 76), indDescription: (502 - 518)]"
EVENTSITE,Dove si è svolto l'evento culturale relativo al bene?,L'evento culturale Un catalogo per immagini si è svolto nel Palazzo Chiablese. (415 - 492),Palazzo Chiablese,http://www.sigecweb.beniculturali.it/images/fullsize/ICCD1038644/ICCD13128704_0100262144.jpg,https://w3id.org/arco/resource/PhotographicHeritage/0100262144,PhotographicHeritage,GENERAL,"Palazzo Chiablese [indAnswer: (60 - 76), indDescription: (475 - 491)]"
EVENTSITE,Dove si è svolto l'evento culturale relativo al bene?,L'evento culturale Un catalogo per immagini si è svolto nel Palazzo Chiablese. (478 - 555),Palazzo Chiablese,http://www.sigecweb.beniculturali.it/images/fullsize/ICCD1038644/ICCD13515250_0100262191%2D020.jpg,https://w3id.org/arco/resource/PhotographicHeritage/0100262191A-20,PhotographicHeritage,GENERAL,"Palazzo Chiablese [indAnswer: (60 - 76), indDescription: (538 - 554)]"
EVENTSITE,Dove si è svolto l'evento culturale relativo al bene?,L'evento culturale Alfredo d'Andrade: tutela e restauro si è svolto nel Palazzo Reale - Palazzo Madama. (234 - 336),Palazzo Reale - Palazzo Madama,http://www.sigecweb.beniculturali.it/images/fullsize/ICCD1038644/ICCD13334760_0100262091%2D005.jpg,https://w3id.org/arco/resource/PhotographicHeritage/0100262091A-5,PhotographicHeritage,GENERAL,"Palazzo Reale - Palazzo Madama [indAnswer: (72 - 101), indDescription: (306 - 335)]"
