Id,Question,Answer,Short Answer,Depiction,CulturalProperty,CulturalProperty Class,Typology,Short Answer_index
PURPOSE,Was the work for anything?,The cultural asset has a civil function. (280 - 319),Civil,http://www.sigecweb.beniculturali.it/images/fullsize/ICCD1039319/ICCD13702730_taberna_1.jpg,https://w3id.org/arco/resource/ArchaeologicalProperty/1201339459-0,ArchaeologicalProperty,OBJECT,"Civil [indAnswer: (25 - 29), indDescription: (314 - 318)]"
PURPOSE,Was the work for anything?,The cultural asset has a residential function. (52 - 97),Dwelling,http://www.sigecweb.beniculturali.it/images/fullsize/ICCD1057236/ICCD13589389_MA_00157112.jpg,https://w3id.org/arco/resource/ArchaeologicalProperty/0600157112,ArchaeologicalProperty,GENERAL,Dwelling
PURPOSE,What is the function?,The cultural asset has a residential function. (52 - 97),Dwelling,http://www.sigecweb.beniculturali.it/images/fullsize/ICCD1057236/ICCD13590465_MA_00157032.JPG,https://w3id.org/arco/resource/ArchaeologicalProperty/0600157032,ArchaeologicalProperty,GENERAL,Dwelling
PURPOSE,What's the point?,The cultural asset has a residential function. (52 - 97),Dwelling,http://www.sigecweb.beniculturali.it/images/fullsize/ICCD1057236/ICCD13585362_MA_00158040.jpg,https://w3id.org/arco/resource/ArchaeologicalProperty/0600158040,ArchaeologicalProperty,GENERAL,Dwelling
PURPOSE,What is the function?,The cultural asset has a cultural function. (57 - 99),Cultural,http://www.sigecweb.beniculturali.it/images/fullsize/ICCD1038871/ICCD13630405_battistero.JPG,https://w3id.org/arco/resource/ArchaeologicalProperty/0700309270,ArchaeologicalProperty,GENERAL,"Cultural [indAnswer: (4 - 11), indDescription: (91 - 98)]"
PURPOSE,What's the point?,The cultural asset has a defensive function. (43 - 86),Defensive,http://www.sigecweb.beniculturali.it/images/fullsize/ICCD1059033/ICCD13777927_1300301010.JPG,https://w3id.org/arco/resource/ArchaeologicalProperty/1300301010,ArchaeologicalProperty,GENERAL,"Defensive [indAnswer: (25 - 33), indDescription: (77 - 85)]"
PURPOSE,What is the artistic and cultural importance of this work of art?,The cultural asset has a cultural function. (549 - 591),Cultural,http://www.sigecweb.beniculturali.it/images/fullsize/ICCD1057236/ICCD13582137_MA_00158238.jpg,https://w3id.org/arco/resource/ArchaeologicalProperty/0600158238,ArchaeologicalProperty,GENERAL,"Cultural [indAnswer: (4 - 11), indDescription: (583 - 590)]"
PURPOSE,What is the artistic and cultural importance of this work of art?,The cultural asset has a civil function. (101 - 140),Civil,http://www.sigecweb.beniculturali.it/images/fullsize/ICCD1057236/ICCD13585352_MA_00157122.JPG,https://w3id.org/arco/resource/ArchaeologicalProperty/0600157122,ArchaeologicalProperty,GENERAL,"Civil [indAnswer: (25 - 29), indDescription: (135 - 139)]"
PURPOSE,What's the point?,The cultural asset has a cultural function. (188 - 230),Cultural,http://www.sigecweb.beniculturali.it/images/fullsize/ICCD1057236/ICCD13582758_MA_0000158690.jpg,https://w3id.org/arco/resource/ArchaeologicalProperty/0600158690,ArchaeologicalProperty,GENERAL,"Cultural [indAnswer: (4 - 11), indDescription: (222 - 229)]"
PURPOSE,Why was it created?,The cultural asset has a cultural function. (57 - 99),Cultural,http://www.sigecweb.beniculturali.it/images/fullsize/ICCD1038871/ICCD13672520_61169%2D1.jpg,https://w3id.org/arco/resource/ArchaeologicalProperty/0700309317,ArchaeologicalProperty,CHURCH,"Cultural [indAnswer: (4 - 11), indDescription: (91 - 98)]"
PURPOSE,For what purpose has it been achieved?,The cultural asset has a residential function. (52 - 97),Dwelling,http://www.sigecweb.beniculturali.it/images/fullsize/ICCD1057236/ICCD13589841_MA_00157007.JPG,https://w3id.org/arco/resource/ArchaeologicalProperty/0600157007,ArchaeologicalProperty,GENERAL,Dwelling
PURPOSE,Why was it realized?,The cultural asset has a civil function. (101 - 140),Civil,http://www.sigecweb.beniculturali.it/images/fullsize/ICCD1059114/ICCD13670341_0500644748_Curia.jpg,https://w3id.org/arco/resource/ArchaeologicalProperty/0500644748,ArchaeologicalProperty,OBJECT,"Civil [indAnswer: (25 - 29), indDescription: (135 - 139)]"
PURPOSE,For what purpose has it been achieved?,The cultural asset has a civil function. (102 - 141),Civil,http://www.sigecweb.beniculturali.it/images/fullsize/ICCD1039319/ICCD13705323_via_delle_botteghe.jpg,https://w3id.org/arco/resource/ArchaeologicalProperty/1201339464,ArchaeologicalProperty,GENERAL,"Civil [indAnswer: (25 - 29), indDescription: (136 - 140)]"
PURPOSE,What is the purpose to be met?,The cultural asset has a residential function. (231 - 276),Dwelling,http://www.sigecweb.beniculturali.it/images/fullsize/ICCD1059118/ICCD13652631_foto%20Costabissara.jpg,https://w3id.org/arco/resource/ArchaeologicalProperty/0500590466,ArchaeologicalProperty,GENERAL,Dwelling
PURPOSE,Was the work for anything?,The cultural asset has a residential and cultural function. (95 - 153),"Habitat, cult",http://www.sigecweb.beniculturali.it/images/fullsize/ICCD1039319/ICCD13709491_lavatoio.jpg,https://w3id.org/arco/resource/ArchaeologicalProperty/1201339456-1201339456-5,ArchaeologicalProperty,GENERAL,"Habitat, cult"
PURPOSE,What's the point?,The cultural asset has a cultural function. (265 - 307),Cultural,http://www.sigecweb.beniculturali.it/images/fullsize/ICCD1059114/ICCD13670343_0500644643_Capitolium.jpg,https://w3id.org/arco/resource/ArchaeologicalProperty/0500644643,ArchaeologicalProperty,CHURCH,"Cultural [indAnswer: (4 - 11), indDescription: (299 - 306)]"
PURPOSE,For what purpose has it been achieved?,The cultural asset has a defensive function. (58 - 101),Defensive,http://www.sigecweb.beniculturali.it/images/fullsize/ICCD1059034/ICCD13847939_76.jpg,https://w3id.org/arco/resource/ArchaeologicalProperty/1300301041,ArchaeologicalProperty,GENERAL,"Defensive [indAnswer: (25 - 33), indDescription: (92 - 100)]"
PURPOSE,Why was it created?,The cultural asset has a civil function. (321 - 360),Civil,http://www.sigecweb.beniculturali.it/images/fullsize/ICCD1031363/ICCD12030060_1904D%2Dterne%20decumano.jpg,https://w3id.org/arco/resource/ArchaeologicalProperty/1400068106,ArchaeologicalProperty,GENERAL,"Civil [indAnswer: (25 - 29), indDescription: (355 - 359)]"
PURPOSE,Why was it realized?,The cultural asset has a residential function. (52 - 97),Dwelling,http://www.sigecweb.beniculturali.it/images/fullsize/ICCD1057236/ICCD13590461_MA_00157120.JPG,https://w3id.org/arco/resource/ArchaeologicalProperty/0600157120,ArchaeologicalProperty,GENERAL,Dwelling
PURPOSE,Why was it created?,The cultural asset has a residential and cultural function. (95 - 153),"Habitat, cult",http://www.sigecweb.beniculturali.it/images/fullsize/ICCD1039319/ICCD13709384_d_ninfeo_vani_servizio.jpg,https://w3id.org/arco/resource/ArchaeologicalProperty/1201339456-1201339456-2,ArchaeologicalProperty,GENERAL,"Habitat, cult"
PURPOSE,What is the artistic and cultural importance of this work of art?,The cultural asset has a cultural function. (664 - 706),Cultural,http://www.sigecweb.beniculturali.it/images/fullsize/ICCD1059033/ICCD13770671_1300300995.JPG,https://w3id.org/arco/resource/ArchaeologicalProperty/1300300995,ArchaeologicalProperty,CHURCH,"Cultural [indAnswer: (4 - 11), indDescription: (698 - 705)]"
PURPOSE,Why was it created?,The cultural asset has a residential function. (52 - 97),Dwelling,http://www.sigecweb.beniculturali.it/images/fullsize/ICCD1057236/ICCD13589839_MA_00157004.JPG,https://w3id.org/arco/resource/ArchaeologicalProperty/0600157004,ArchaeologicalProperty,GENERAL,Dwelling
PURPOSE,Why was it realized?,The cultural asset has a cultural function. (112 - 154),Cultural,http://www.sigecweb.beniculturali.it/images/fullsize/ICCD1039319/ICCD13701601_tempio_0.jpg,https://w3id.org/arco/resource/ArchaeologicalProperty/1201339457,ArchaeologicalProperty,CHURCH,"Cultural [indAnswer: (4 - 11), indDescription: (146 - 153)]"
PURPOSE,What is the function?,The cultural asset has a residential function. (52 - 97),Dwelling,http://www.sigecweb.beniculturali.it/images/fullsize/ICCD1057236/ICCD13572529_MA_00158235_03.jpg,https://w3id.org/arco/resource/ArchaeologicalProperty/0600158309,ArchaeologicalProperty,GENERAL,Dwelling
PURPOSE,What is the function?,The cultural asset has a civil function. (157 - 196),Civil,http://www.sigecweb.beniculturali.it/images/fullsize/ICCD1039319/ICCD13705153_passaggio_coperto.jpg,https://w3id.org/arco/resource/ArchaeologicalProperty/1201339462,ArchaeologicalProperty,GENERAL,"Civil [indAnswer: (25 - 29), indDescription: (191 - 195)]"
PURPOSE,Was the work for anything?,The cultural asset has a cultural function. (57 - 99),Cultural,http://www.sigecweb.beniculturali.it/images/fullsize/ICCD1057236/ICCD13582711_MA_00157082.jpg,https://w3id.org/arco/resource/ArchaeologicalProperty/0600157082,ArchaeologicalProperty,CHURCH,"Cultural [indAnswer: (4 - 11), indDescription: (91 - 98)]"
PURPOSE,What was the object's function?,The cultural asset has a residential function. (52 - 97),Dwelling,http://www.sigecweb.beniculturali.it/images/fullsize/ICCD1057236/ICCD13585356_MA_00157016.JPG,https://w3id.org/arco/resource/ArchaeologicalProperty/0600157016,ArchaeologicalProperty,GENERAL,Dwelling
PURPOSE,What is the purpose to be met?,The cultural asset has a defensive function. (246 - 289),Defensive,http://www.sigecweb.beniculturali.it/images/fullsize/ICCD1059033/ICCD13794463_1300301021.JPG,https://w3id.org/arco/resource/ArchaeologicalProperty/1300301021,ArchaeologicalProperty,GENERAL,"Defensive [indAnswer: (25 - 33), indDescription: (280 - 288)]"
PURPOSE,For what purpose has it been achieved?,The cultural asset has a residential function. (52 - 97),Dwelling,http://www.sigecweb.beniculturali.it/images/fullsize/ICCD1059114/ICCD13659876_0500644709_Rensi.jpg,https://w3id.org/arco/resource/ArchaeologicalProperty/0500644709,ArchaeologicalProperty,GENERAL,Dwelling
PURPOSE,Why was it realized?,The cultural asset has a residential and cultural function. (150 - 208),"Habitat, cult",http://www.sigecweb.beniculturali.it/images/fullsize/ICCD1039319/ICCD13708669_sala_sotterranea.jpg,https://w3id.org/arco/resource/ArchaeologicalProperty/1201339455-1201339455-4,ArchaeologicalProperty,GENERAL,"Habitat, cult"
PURPOSE,For what purpose has it been achieved?,The cultural asset has a residential function. (361 - 406),Dwelling,http://www.sigecweb.beniculturali.it/images/fullsize/ICCD1059118/ICCD13652876_Ghizzole%20di%20Montegaldella.jpg,https://w3id.org/arco/resource/ArchaeologicalProperty/0500590499,ArchaeologicalProperty,GENERAL,Dwelling
PURPOSE,What's the point?,The cultural asset has a civil function. (173 - 212),Civil,http://www.sigecweb.beniculturali.it/images/fullsize/ICCD1033350/ICCD12041313_pontasso.jpg,https://w3id.org/arco/resource/ArchaeologicalProperty/0700309625,ArchaeologicalProperty,OBJECT,"Civil [indAnswer: (25 - 29), indDescription: (207 - 211)]"
PURPOSE,For what purpose has it been achieved?,The cultural asset has a residential function. (318 - 363),Dwelling,http://www.sigecweb.beniculturali.it/images/fullsize/ICCD1059114/ICCD13664279_10500644646DomusMazzini41.JPG,https://w3id.org/arco/resource/ArchaeologicalProperty/0500644646,ArchaeologicalProperty,GENERAL,Dwelling
PURPOSE,What is the purpose to be met?,The cultural asset has a civil function. (59 - 98),Civil,http://www.sigecweb.beniculturali.it/images/fullsize/ICCD1057236/ICCD13570929_MA_00157068.JPG,https://w3id.org/arco/resource/ArchaeologicalProperty/0600157068,ArchaeologicalProperty,OBJECT,"Civil [indAnswer: (25 - 29), indDescription: (93 - 97)]"
PURPOSE,What is the purpose to be met?,The cultural asset has a civil function. (188 - 227),Civil,http://www.sigecweb.beniculturali.it/images/fullsize/ICCD1036788/ICCD13497007_Cattura.JPG,https://w3id.org/arco/resource/ArchaeologicalProperty/0700263728,ArchaeologicalProperty,GENERAL,"Civil [indAnswer: (25 - 29), indDescription: (222 - 226)]"
PURPOSE,For what purpose has it been achieved?,The cultural asset has a defensive function. (156 - 199),Defensive,http://www.sigecweb.beniculturali.it/images/fullsize/ICCD1039319/ICCD13701619_bastione_di_tufo_pianta.jpg,https://w3id.org/arco/resource/ArchaeologicalProperty/1201339458,ArchaeologicalProperty,GENERAL,"Defensive [indAnswer: (25 - 33), indDescription: (190 - 198)]"
PURPOSE,Why was it realized?,The cultural asset has a cultural function. (324 - 366),Cultural,http://www.sigecweb.beniculturali.it/images/fullsize/ICCD1057236/ICCD13581966_CA_00158188.jpg,https://w3id.org/arco/resource/ArchaeologicalProperty/0600158188,ArchaeologicalProperty,GENERAL,"Cultural [indAnswer: (4 - 11), indDescription: (358 - 365)]"
PURPOSE,What is the artistic and cultural importance of this work of art?,The cultural asset has a civil function. (157 - 196),Civil,http://www.sigecweb.beniculturali.it/images/fullsize/ICCD1060353/ICCD13812236_prospetto_tabernae.jpg,https://w3id.org/arco/resource/ArchaeologicalProperty/1201339470,ArchaeologicalProperty,GENERAL,"Civil [indAnswer: (25 - 29), indDescription: (191 - 195)]"
PURPOSE,What is the purpose to be met?,The cultural asset has a cultural function. (57 - 99),Cultural,http://www.sigecweb.beniculturali.it/images/fullsize/ICCD1059034/ICCD13870253_SchiaviSacello.jpg,https://w3id.org/arco/resource/ArchaeologicalProperty/1300301045,ArchaeologicalProperty,CHURCH,"Cultural [indAnswer: (4 - 11), indDescription: (91 - 98)]"
PURPOSE,What was the object's function?,The cultural asset has a residential function. (52 - 97),Dwelling,http://www.sigecweb.beniculturali.it/images/fullsize/ICCD1059114/ICCD13650169_0500686739_Valdonega.jpg,https://w3id.org/arco/resource/ArchaeologicalProperty/0500686739,ArchaeologicalProperty,GENERAL,Dwelling
PURPOSE,What is the artistic and cultural importance of this work of art?,The cultural asset has a cultural function. (57 - 99),Cultural,http://www.sigecweb.beniculturali.it/images/fullsize/ICCD1038871/ICCD13630530_sanclemente.jpg,https://w3id.org/arco/resource/ArchaeologicalProperty/0700309122,ArchaeologicalProperty,GENERAL,"Cultural [indAnswer: (4 - 11), indDescription: (91 - 98)]"
PURPOSE,What is the purpose to be met?,The cultural asset has a residential function. (52 - 97),Dwelling,http://www.sigecweb.beniculturali.it/images/fullsize/ICCD1057236/ICCD13589835_MA_00157041.jpg,https://w3id.org/arco/resource/ArchaeologicalProperty/0600157041,ArchaeologicalProperty,GENERAL,Dwelling
PURPOSE,What is the artistic and cultural importance of this work of art?,The cultural asset has military function. (333 - 373),Military,http://www.sigecweb.beniculturali.it/images/fullsize/ICCD1057236/ICCD13582662_MA_00157028.jpg,https://w3id.org/arco/resource/ArchaeologicalProperty/0600157028,ArchaeologicalProperty,GENERAL,"Military [indAnswer: (23 - 30), indDescription: (365 - 372)]"
PURPOSE,For what purpose has it been achieved?,The cultural asset has a residential and cultural function. (95 - 153),"Habitat, cult",http://www.sigecweb.beniculturali.it/images/fullsize/ICCD1039319/ICCD13709374_domus_ninfeo_opus.jpg,https://w3id.org/arco/resource/ArchaeologicalProperty/1201339456-1201339456-1,ArchaeologicalProperty,GENERAL,"Habitat, cult"
PURPOSE,Was the work for anything?,The cultural asset has a cultural function. (228 - 270),Cultural,http://www.sigecweb.beniculturali.it/images/fullsize/ICCD1057236/ICCD13590472_MA_00157065.jpg,https://w3id.org/arco/resource/ArchaeologicalProperty/0600157065,ArchaeologicalProperty,GENERAL,"Cultural [indAnswer: (4 - 11), indDescription: (262 - 269)]"
PURPOSE,For what purpose has it been achieved?,The cultural asset has a cultural function. (194 - 236),Cultural,http://www.sigecweb.beniculturali.it/images/fullsize/ICCD1059114/ICCD13670275_0500644666_Basilica_B.jpg,https://w3id.org/arco/resource/ArchaeologicalProperty/0500644666,ArchaeologicalProperty,CHURCH,"Cultural [indAnswer: (4 - 11), indDescription: (228 - 235)]"
PURPOSE,What is the artistic and cultural importance of this work of art?,The cultural asset has a civil function. (189 - 228),Civil,http://www.sigecweb.beniculturali.it/images/fullsize/ICCD1031363/ICCD12004410_1887D%2DSepino%2DAltilia%2D%20la%20piazza%20lastricata%2Dforo.jpg,https://w3id.org/arco/resource/ArchaeologicalProperty/1400068109,ArchaeologicalProperty,GENERAL,"Civil [indAnswer: (25 - 29), indDescription: (223 - 227)]"
PURPOSE,For what purpose was it created?,The cultural asset has a residential function. (95 - 140),Dwelling,http://www.sigecweb.beniculturali.it/images/fullsize/ICCD1057236/ICCD13589384_MA_00158834.jpg,https://w3id.org/arco/resource/ArchaeologicalProperty/0600158834,ArchaeologicalProperty,GENERAL,Dwelling
PURPOSE,For what purpose was it created?,The cultural asset has a residential function. (329 - 374),Dwelling,http://www.sigecweb.beniculturali.it/images/fullsize/ICCD1059118/ICCD13652547_00590450%20%2D%20FOTO.jpg,https://w3id.org/arco/resource/ArchaeologicalProperty/0500590450,ArchaeologicalProperty,GENERAL,Dwelling
PURPOSE,For what purpose was it created?,The cultural asset has a residential function. (52 - 97),Dwelling,http://www.sigecweb.beniculturali.it/images/fullsize/ICCD1057236/ICCD13590462_MA_00157005.JPG,https://w3id.org/arco/resource/ArchaeologicalProperty/0600157005,ArchaeologicalProperty,GENERAL,Dwelling
PURPOSE,Why was it created?,The cultural asset has a residential function. (52 - 97),Dwelling,http://www.sigecweb.beniculturali.it/images/fullsize/ICCD1057236/ICCD13572504_MA_00157060.jpg,https://w3id.org/arco/resource/ArchaeologicalProperty/0600157060,ArchaeologicalProperty,GENERAL,Dwelling
PURPOSE,What is the artistic and cultural importance of this work of art?,The cultural asset has a residential and cultural function. (95 - 153),"Habitat, cult",http://www.sigecweb.beniculturali.it/images/fullsize/ICCD1039319/ICCD13701559_domu_ninfeo_1.jpg,https://w3id.org/arco/resource/ArchaeologicalProperty/1201339456-0,ArchaeologicalProperty,GENERAL,"Habitat, cult"
PURPOSE,For what purpose was it created?,The cultural asset has a defensive function. (203 - 246),Defensive,http://www.sigecweb.beniculturali.it/images/fullsize/ICCD1059114/ICCD13670291_0500644708_Gallieno.jpg,https://w3id.org/arco/resource/ArchaeologicalProperty/0500644708,ArchaeologicalProperty,GENERAL,"Defensive [indAnswer: (25 - 33), indDescription: (237 - 245)]"
PURPOSE,What's the point?,The cultural asset has military function. (289 - 329),Military,http://www.sigecweb.beniculturali.it/images/fullsize/ICCD1036786/ICCD13402847_Cattura.JPG,https://w3id.org/arco/resource/ArchaeologicalProperty/0700263716,ArchaeologicalProperty,GENERAL,"Military [indAnswer: (23 - 30), indDescription: (321 - 328)]"
PURPOSE,What is the function?,The cultural asset has a residential and cultural function. (95 - 153),"Habitat, cult",http://www.sigecweb.beniculturali.it/images/fullsize/ICCD1039319/ICCD13708624_domus_pitture_ambienti_produttivi.jpg,https://w3id.org/arco/resource/ArchaeologicalProperty/1201339455-1201339455-2,ArchaeologicalProperty,GENERAL,"Habitat, cult"
PURPOSE,What was the object's function?,The cultural asset has a civil function. (157 - 196),Civil,http://www.sigecweb.beniculturali.it/images/fullsize/ICCD1060353/ICCD13812236_prospetto_tabernae.jpg,https://w3id.org/arco/resource/ArchaeologicalProperty/1201339468,ArchaeologicalProperty,OBJECT,"Civil [indAnswer: (25 - 29), indDescription: (191 - 195)]"
PURPOSE,For what purpose has it been achieved?,The cultural asset has a residential function. (307 - 352),Dwelling,http://www.sigecweb.beniculturali.it/images/fullsize/ICCD1039319/ICCD13680101_rugarella_foto.jpg,https://w3id.org/arco/resource/ArchaeologicalProperty/1201339379,ArchaeologicalProperty,GENERAL,Dwelling
PURPOSE,What's the point?,The cultural asset has a civil function. (324 - 363),Civil,http://www.sigecweb.beniculturali.it/images/fullsize/ICCD1060353/ICCD13812139_botteghe_repubblicane.jpg,https://w3id.org/arco/resource/ArchaeologicalProperty/1201339454,ArchaeologicalProperty,GENERAL,"Civil [indAnswer: (25 - 29), indDescription: (358 - 362)]"
PURPOSE,For what purpose was it created?,The cultural asset has a residential function. (52 - 97),Dwelling,http://www.sigecweb.beniculturali.it/images/fullsize/ICCD1057236/ICCD13590464_MA_00157100.JPG,https://w3id.org/arco/resource/ArchaeologicalProperty/0600157100,ArchaeologicalProperty,GENERAL,Dwelling
PURPOSE,For what purpose was it created?,The cultural asset has a defensive function. (255 - 298),Defensive,http://www.sigecweb.beniculturali.it/images/fullsize/ICCD1059033/ICCD13794570_1300301023.jpg,https://w3id.org/arco/resource/ArchaeologicalProperty/1300301023,ArchaeologicalProperty,GENERAL,"Defensive [indAnswer: (25 - 33), indDescription: (289 - 297)]"
PURPOSE,Why was it created?,The cultural asset has a residential function. (52 - 97),Dwelling,http://www.sigecweb.beniculturali.it/images/fullsize/ICCD1057236/ICCD13588980_MA_00157018.JPG,https://w3id.org/arco/resource/ArchaeologicalProperty/0600157018,ArchaeologicalProperty,GENERAL,Dwelling
PURPOSE,What is the function?,The cultural asset has a defensive function. (58 - 101),Defensive,http://www.sigecweb.beniculturali.it/images/fullsize/ICCD1059114/ICCD13670324_0500644902_MuraTeod_Cosimo.jpg,https://w3id.org/arco/resource/ArchaeologicalProperty/0500644902,ArchaeologicalProperty,GENERAL,"Defensive [indAnswer: (25 - 33), indDescription: (92 - 100)]"
PURPOSE,What is the function?,The cultural asset has a residential function. (351 - 396),Dwelling,http://www.sigecweb.beniculturali.it/images/fullsize/ICCD1059033/ICCD13778024_1300301012.JPG,https://w3id.org/arco/resource/ArchaeologicalProperty/1300301012,ArchaeologicalProperty,GENERAL,Dwelling
PURPOSE,Why was it realized?,The cultural asset has a residential and cultural function. (95 - 153),"Habitat, cult",http://www.sigecweb.beniculturali.it/images/fullsize/ICCD1039319/ICCD13708660_domus_pitture.jpg,https://w3id.org/arco/resource/ArchaeologicalProperty/1201339455-0,ArchaeologicalProperty,GENERAL,"Habitat, cult"
PURPOSE,Was the work for anything?,The cultural asset has a civil function. (157 - 196),Civil,http://www.sigecweb.beniculturali.it/images/fullsize/ICCD1060353/ICCD13812236_prospetto_tabernae.jpg,https://w3id.org/arco/resource/ArchaeologicalProperty/1201339467,ArchaeologicalProperty,OBJECT,"Civil [indAnswer: (25 - 29), indDescription: (191 - 195)]"
PURPOSE,For what purpose was it created?,The cultural asset has a residential function. (52 - 97),Dwelling,http://www.sigecweb.beniculturali.it/images/fullsize/ICCD1057236/ICCD13585333_MA_00157115.JPG,https://w3id.org/arco/resource/ArchaeologicalProperty/0600157115,ArchaeologicalProperty,GENERAL,Dwelling
PURPOSE,For what purpose was it created?,The cultural asset has a civil function. (59 - 98),Civil,http://www.sigecweb.beniculturali.it/images/fullsize/ICCD1057236/ICCD13573596_MA_00157026.JPG,https://w3id.org/arco/resource/ArchaeologicalProperty/0600157026,ArchaeologicalProperty,GENERAL,"Civil [indAnswer: (25 - 29), indDescription: (93 - 97)]"
PURPOSE,Was the work for anything?,The cultural asset has a residential function. (52 - 97),Dwelling,http://www.sigecweb.beniculturali.it/images/fullsize/ICCD1057236/ICCD13585342_Ma_00157074.JPG,https://w3id.org/arco/resource/ArchaeologicalProperty/0600157074,ArchaeologicalProperty,GENERAL,Dwelling
PURPOSE,What is the purpose to be met?,The cultural asset has a civil function. (412 - 451),Civil,http://www.sigecweb.beniculturali.it/images/fullsize/ICCD1057236/ICCD13570769_CA_00157119.JPG,https://w3id.org/arco/resource/ArchaeologicalProperty/0600157119,ArchaeologicalProperty,GENERAL,"Civil [indAnswer: (25 - 29), indDescription: (446 - 450)]"
PURPOSE,What is the function?,The cultural asset has a residential and cultural function. (95 - 153),"Habitat, cult",http://www.sigecweb.beniculturali.it/images/fullsize/ICCD1039319/ICCD13708608_domus_pitture_k_j.jpg,https://w3id.org/arco/resource/ArchaeologicalProperty/1201339455-1201339455-1,ArchaeologicalProperty,GENERAL,"Habitat, cult"
PURPOSE,For what purpose has it been achieved?,The cultural asset has a residential function. (52 - 97),Dwelling,http://www.sigecweb.beniculturali.it/images/fullsize/ICCD1057236/ICCD13589290_MA_00156999.jpg,https://w3id.org/arco/resource/ArchaeologicalProperty/0600156999,ArchaeologicalProperty,GENERAL,Dwelling
PURPOSE,For what purpose has it been achieved?,The cultural asset has a civil function. (101 - 140),Civil,http://www.sigecweb.beniculturali.it/images/fullsize/ICCD1059114/ICCD13670335_0500644711_Basilica.jpg,https://w3id.org/arco/resource/ArchaeologicalProperty/0500644711,ArchaeologicalProperty,CHURCH,"Civil [indAnswer: (25 - 29), indDescription: (135 - 139)]"
PURPOSE,What is the purpose to be met?,The cultural asset has a residential function. (342 - 387),Dwelling,http://www.sigecweb.beniculturali.it/images/fullsize/ICCD1059033/ICCD13778105_1300301014.JPG,https://w3id.org/arco/resource/ArchaeologicalProperty/1300301014,ArchaeologicalProperty,GENERAL,Dwelling
PURPOSE,For what purpose has it been achieved?,The cultural asset has a civil function. (157 - 196),Civil,http://www.sigecweb.beniculturali.it/images/fullsize/ICCD1039319/ICCD13705448_insula_I.jpg,https://w3id.org/arco/resource/ArchaeologicalProperty/1201339466,ArchaeologicalProperty,GENERAL,"Civil [indAnswer: (25 - 29), indDescription: (191 - 195)]"
PURPOSE,For what purpose has it been achieved?,The cultural asset has a civil function. (157 - 196),Civil,http://www.sigecweb.beniculturali.it/images/fullsize/ICCD1039319/ICCD13705845_piece_VI.jpg,https://w3id.org/arco/resource/ArchaeologicalProperty/1201339471,ArchaeologicalProperty,GENERAL,"Civil [indAnswer: (25 - 29), indDescription: (191 - 195)]"
PURPOSE,What is the purpose to be met?,The cultural asset has a residential function. (52 - 97),Dwelling,http://www.sigecweb.beniculturali.it/images/fullsize/ICCD1057236/ICCD13590466_MA_00157022.JPG,https://w3id.org/arco/resource/ArchaeologicalProperty/0600157022,ArchaeologicalProperty,GENERAL,Dwelling
PURPOSE,For what purpose has it been achieved?,The cultural asset has a residential function. (52 - 97),Dwelling,http://www.sigecweb.beniculturali.it/images/fullsize/ICCD1057236/ICCD13572833_MA_00157017.jpg,https://w3id.org/arco/resource/ArchaeologicalProperty/0600157017,ArchaeologicalProperty,GENERAL,Dwelling
PURPOSE,What is the function?,The cultural asset has a civil function. (0 - 39),Civil,http://www.sigecweb.beniculturali.it/images/fullsize/ICCD1039319/ICCD13705935_complesso_idrico.jpg,https://w3id.org/arco/resource/ArchaeologicalProperty/1201339473,ArchaeologicalProperty,GENERAL,"Civil [indAnswer: (25 - 29), indDescription: (34 - 38)]"
PURPOSE,For what purpose has it been achieved?,"The cultural asset has a residential, military and civil function. (143 - 208)","Dwelling, military, civilian",http://www.sigecweb.beniculturali.it/images/fullsize/ICCD1031363/ICCD12009007_1504D%2Dmura%20poligonali.jpg,https://w3id.org/arco/resource/ArchaeologicalProperty/1400024271,ArchaeologicalProperty,GENERAL,"Dwelling, military, civilian"
PURPOSE,What was the object's function?,The cultural asset has military function. (244 - 284),Military,http://www.sigecweb.beniculturali.it/images/fullsize/ICCD1057236/ICCD13582723_CA_00158097.JPG,https://w3id.org/arco/resource/ArchaeologicalProperty/0600158097,ArchaeologicalProperty,GENERAL,"Military [indAnswer: (23 - 30), indDescription: (276 - 283)]"
PURPOSE,What is the purpose to be met?,The cultural asset has military function. (229 - 269),Military,http://www.sigecweb.beniculturali.it/images/fullsize/ICCD1057236/ICCD13582691_CA_00157029.jpg,https://w3id.org/arco/resource/ArchaeologicalProperty/0600157029,ArchaeologicalProperty,GENERAL,"Military [indAnswer: (23 - 30), indDescription: (261 - 268)]"
PURPOSE,Was the work for anything?,The cultural asset has a residential function. (711 - 756),Dwelling,http://www.sigecweb.beniculturali.it/images/fullsize/ICCD1059033/ICCD13777697_1300301008.JPG,https://w3id.org/arco/resource/ArchaeologicalProperty/1300301008,ArchaeologicalProperty,GENERAL,Dwelling
PURPOSE,What was the object's function?,The cultural asset has a residential and cultural function. (150 - 208),"Habitat, cult",http://www.sigecweb.beniculturali.it/images/fullsize/ICCD1039319/ICCD13709480_d_ninfeo.jpg,https://w3id.org/arco/resource/ArchaeologicalProperty/1201339456-1201339456-4,ArchaeologicalProperty,GENERAL,"Habitat, cult"
PURPOSE,What is the artistic and cultural importance of this work of art?,The cultural asset has a civil and cultural function. (318 - 370),"Civil, cult",http://www.sigecweb.beniculturali.it/images/fullsize/ICCD1031363/ICCD12004787_3302D%2DEdificio%20di%20culto%20a%20NE%20del%20foro.jpeg,https://w3id.org/arco/resource/ArchaeologicalProperty/1400068110,ArchaeologicalProperty,GENERAL,"Civil, cult"
PURPOSE,Why was it created?,The cultural asset has a cultural function. (224 - 266),Cultural,http://www.sigecweb.beniculturali.it/images/fullsize/ICCD1059114/ICCD13670282_0500644745_Basilica_A.jpg,https://w3id.org/arco/resource/ArchaeologicalProperty/0500644745,ArchaeologicalProperty,CHURCH,"Cultural [indAnswer: (4 - 11), indDescription: (258 - 265)]"
PURPOSE,What is the function?,The cultural asset has a residential function. (52 - 97),Dwelling,http://www.sigecweb.beniculturali.it/images/fullsize/ICCD1057236/ICCD13572409_CA_00158973.jpg,https://w3id.org/arco/resource/ArchaeologicalProperty/0600158973,ArchaeologicalProperty,GENERAL,Dwelling
PURPOSE,What's the point?,The cultural asset has a cultural function. (183 - 225),Cultural,http://www.sigecweb.beniculturali.it/images/fullsize/ICCD1057236/ICCD13590470_MA_00158394.jpg,https://w3id.org/arco/resource/ArchaeologicalProperty/0600158935,ArchaeologicalProperty,GENERAL,"Cultural [indAnswer: (4 - 11), indDescription: (217 - 224)]"
PURPOSE,What was the object's function?,The cultural asset has a residential function. (52 - 97),Dwelling,http://www.sigecweb.beniculturali.it/images/fullsize/ICCD1057236/ICCD13590460_MA_00158300.jpg,https://w3id.org/arco/resource/ArchaeologicalProperty/0600158300,ArchaeologicalProperty,GENERAL,Dwelling
PURPOSE,What is the function?,The cultural asset has military function. (100 - 140),Military,http://www.sigecweb.beniculturali.it/images/fullsize/ICCD1057236/ICCD13582684_MA_00157121.JPG,https://w3id.org/arco/resource/ArchaeologicalProperty/0600157121,ArchaeologicalProperty,GENERAL,"Military [indAnswer: (23 - 30), indDescription: (132 - 139)]"
PURPOSE,Was the work for anything?,The cultural asset has a civil function. (292 - 331),Civil,http://www.sigecweb.beniculturali.it/images/fullsize/ICCD1039319/ICCD13704056_taberna_2.jpg,https://w3id.org/arco/resource/ArchaeologicalProperty/1201339460,ArchaeologicalProperty,OBJECT,"Civil [indAnswer: (25 - 29), indDescription: (326 - 330)]"
