Id,Question,Answer,Short Answer,Depiction,CulturalProperty,CulturalProperty Class,Typology,Short Answer_index
EVENTSITE,Where did the cultural event related to cultural asset take place?,The cultural event Archivi fotografici delle Soprintendenze (per exempla)  took place in Palazzo Pepoli Campogrande. (278 - 393),Palazzo Pepoli Campogrande,http://www.sigecweb.beniculturali.it/images/fullsize/ICCD1058894/ICCD13589490_00254860.jpg,https://w3id.org/arco/resource/PhotographicHeritage/0800391974,PhotographicHeritage,GENERAL,"Palazzo Pepoli Campogrande [indAnswer: (89 - 114), indDescription: (367 - 392)]"
EVENTSITE,Where did the cultural event related to cultural asset take place?,The cultural event Un catalogo per immagini  took place in Palazzo Chiablese. (489 - 565),Palazzo Chiablese,http://www.sigecweb.beniculturali.it/images/fullsize/ICCD1038644/ICCD13515232_0100262191%2D011.jpg,https://w3id.org/arco/resource/PhotographicHeritage/0100262191A-11,PhotographicHeritage,GENERAL,"Palazzo Chiablese [indAnswer: (59 - 75), indDescription: (548 - 564)]"
EVENTSITE,Where did the cultural event related to cultural asset take place?,The cultural event Alfredo d'Andrade: tutela e restauro  took place in Palazzo Reale - Palazzo Madama. (290 - 391),Palazzo Reale - Palazzo Madama,http://www.sigecweb.beniculturali.it/images/fullsize/ICCD12506/ICCD2388222_FTM_30471S911.jpg,https://w3id.org/arco/resource/HistoricOrArtisticProperty/0100028024,HistoricOrArtisticProperty,OBJECT,"Palazzo Reale - Palazzo Madama [indAnswer: (71 - 100), indDescription: (361 - 390)]"
EVENTSITE,Where did the cultural event related to cultural asset take place?,The cultural event Un catalogo per immagini  took place in Palazzo Chiablese. (489 - 565),Palazzo Chiablese,http://www.sigecweb.beniculturali.it/images/fullsize/ICCD1038644/ICCD13487008_0100262191%2D003.jpg,https://w3id.org/arco/resource/PhotographicHeritage/0100262191A-3,PhotographicHeritage,GENERAL,"Palazzo Chiablese [indAnswer: (59 - 75), indDescription: (548 - 564)]"
EVENTSITE,Where did the cultural event related to cultural asset take place?,The cultural event Un catalogo per immagini  took place in Palazzo Chiablese. (428 - 504),Palazzo Chiablese,http://www.sigecweb.beniculturali.it/images/fullsize/ICCD1038644/ICCD13515262_0100262191%2D026.jpg,https://w3id.org/arco/resource/PhotographicHeritage/0100262191A-26,PhotographicHeritage,GENERAL,"Palazzo Chiablese [indAnswer: (59 - 75), indDescription: (487 - 503)]"
EVENTSITE,Where did the cultural event related to cultural asset take place?,The cultural event Un catalogo per immagini  took place in Palazzo Chiablese. (423 - 499),Palazzo Chiablese,http://www.sigecweb.beniculturali.it/images/fullsize/ICCD1038644/ICCD13334798_0100262147.jpg,https://w3id.org/arco/resource/PhotographicHeritage/0100262147,PhotographicHeritage,GENERAL,"Palazzo Chiablese [indAnswer: (59 - 75), indDescription: (482 - 498)]"
EVENTSITE,Where did the cultural event related to cultural asset take place?,The cultural event Un catalogo per immagini  took place in Palazzo Chiablese. (489 - 565),Palazzo Chiablese,http://www.sigecweb.beniculturali.it/images/fullsize/ICCD1038644/ICCD13515226_0100262191%2D008.jpg,https://w3id.org/arco/resource/PhotographicHeritage/0100262191A-8,PhotographicHeritage,GENERAL,"Palazzo Chiablese [indAnswer: (59 - 75), indDescription: (548 - 564)]"
EVENTSITE,Where did the cultural event related to cultural asset take place?,The cultural event Un catalogo per immagini  took place in Palazzo Chiablese. (462 - 538),Palazzo Chiablese,http://www.sigecweb.beniculturali.it/images/fullsize/ICCD1038644/ICCD13515256_0100262191%2D023.jpg,https://w3id.org/arco/resource/PhotographicHeritage/0100262191A-23,PhotographicHeritage,GENERAL,"Palazzo Chiablese [indAnswer: (59 - 75), indDescription: (521 - 537)]"
EVENTSITE,Where did the cultural event related to cultural asset take place?,The cultural event Archivi fotografici delle Soprintendenze (per exempla)  took place in Palazzo Pepoli Campogrande. (269 - 384),Palazzo Pepoli Campogrande,http://www.sigecweb.beniculturali.it/images/fullsize/ICCD1005566/ICCD10708305_P_000006.jpg,https://w3id.org/arco/resource/PhotographicHeritage/0800265621,PhotographicHeritage,GENERAL,"Palazzo Pepoli Campogrande [indAnswer: (89 - 114), indDescription: (358 - 383)]"
EVENTSITE,Where did the cultural event related to cultural asset take place?,The cultural event Lo spazio il tempo e le opere. Il catalogo del bene culturale  took place in Pinacoteca Nazionale. (464 - 580),Pinacoteca Nazionale,http://www.sigecweb.beniculturali.it/images/fullsize/ICCD50007109/ICCD5518091_00235390.jpg,https://w3id.org/arco/resource/PhotographicHeritage/0800391683,PhotographicHeritage,GENERAL,"Pinacoteca Nazionale [indAnswer: (96 - 115), indDescription: (560 - 579)]"
EVENTSITE,Where did the cultural event related to cultural asset take place?,The cultural event Alfredo d'Andrade: tutela e restauro  took place in Palazzo Reale - Palazzo Madama. (178 - 279),Palazzo Reale - Palazzo Madama,http://www.sigecweb.beniculturali.it/images/fullsize/ICCD12506/ICCD2388204_FTM_30406S913.jpg,https://w3id.org/arco/resource/HistoricOrArtisticProperty/0100028015,HistoricOrArtisticProperty,OBJECT,"Palazzo Reale - Palazzo Madama [indAnswer: (71 - 100), indDescription: (249 - 278)]"
EVENTSITE,Where did the cultural event related to cultural asset take place?,The cultural event Il Museo della casa fiorentina antica in Palazzo Davanzati. Gli arredi storici nelle foto di Elia Volpi  took place in Museo di Palazzo Davanzati. (474 - 638),Museo di Palazzo Davanzati,http://www.sigecweb.beniculturali.it/images/fullsize/ICCD1015745/ICCD11412287_SSPSAEPM%20FI%2024732UC.jpg,https://w3id.org/arco/resource/PhotographicHeritage/0900748865-38,PhotographicHeritage,GENERAL,"Museo di Palazzo Davanzati [indAnswer: (138 - 163), indDescription: (612 - 637)]"
EVENTSITE,Where did the cultural event related to cultural asset take place?,The cultural event Un catalogo per immagini  took place in Palazzo Chiablese. (463 - 539),Palazzo Chiablese,http://www.sigecweb.beniculturali.it/images/fullsize/ICCD1038644/ICCD13515254_0100262191%2D022.jpg,https://w3id.org/arco/resource/PhotographicHeritage/0100262191A-22,PhotographicHeritage,GENERAL,"Palazzo Chiablese [indAnswer: (59 - 75), indDescription: (522 - 538)]"
EVENTSITE,Where did the cultural event related to cultural asset take place?,The cultural event Archivi fotografici delle Soprintendenze (per exempla)  took place in Palazzo Pepoli Campogrande. (269 - 384),Palazzo Pepoli Campogrande,http://www.sigecweb.beniculturali.it/images/fullsize/ICCD1005566/ICCD10708372_P_000007.jpg,https://w3id.org/arco/resource/PhotographicHeritage/0800265622,PhotographicHeritage,GENERAL,"Palazzo Pepoli Campogrande [indAnswer: (89 - 114), indDescription: (358 - 383)]"
EVENTSITE,Where did the cultural event related to cultural asset take place?,The cultural event Archivi fotografici delle Soprintendenze (per exempla)  took place in Palazzo pepoli Campogrande. (509 - 624),Palazzo pepoli Campogrande,http://www.sigecweb.beniculturali.it/images/fullsize/ICCD1058894/ICCD13589826_00254825.jpg,https://w3id.org/arco/resource/PhotographicHeritage/0800366431,PhotographicHeritage,GENERAL,"Palazzo pepoli Campogrande [indAnswer: (89 - 114), indDescription: (598 - 623)]"
EVENTSITE,Where did the cultural event related to cultural asset take place?,The cultural event Alfredo d'Andrade: tutela e restauro  took place in Palazzo Reale - Palazzo Madama. (133 - 234),Palazzo Reale - Palazzo Madama,http://www.sigecweb.beniculturali.it/images/fullsize/ICCD1038644/ICCD13334770_0100262092%2D004.jpg,https://w3id.org/arco/resource/PhotographicHeritage/0100262092A-4,PhotographicHeritage,GENERAL,"Palazzo Reale - Palazzo Madama [indAnswer: (71 - 100), indDescription: (204 - 233)]"
EVENTSITE,Where did the cultural event related to cultural asset take place?,The cultural event Un catalogo per immagini  took place in Palazzo Chiablese. (311 - 387),Palazzo Chiablese,http://www.sigecweb.beniculturali.it/images/fullsize/ICCD1038644/ICCD13488641_0100262479.jpg,https://w3id.org/arco/resource/PhotographicHeritage/0100262479,PhotographicHeritage,GENERAL,"Palazzo Chiablese [indAnswer: (59 - 75), indDescription: (370 - 386)]"
EVENTSITE,Where did the cultural event related to cultural asset take place?,The cultural event Arte nelle fotografie di Palazzo Pepoli Campogrande  took place in Palazzo pepoli Campogrande. (391 - 503),Palazzo pepoli Campogrande,http://www.sigecweb.beniculturali.it/images/fullsize/ICCD50007109/ICCD5518139_00235414.jpg,https://w3id.org/arco/resource/PhotographicHeritage/0800391707,PhotographicHeritage,GENERAL,"Palazzo pepoli Campogrande [indAnswer: (44 - 69), indDescription: (477 - 502)]"
EVENTSITE,Where did the cultural event related to cultural asset take place?,The cultural event Alfredo d'Andrade: tutela e restauro  took place in Palazzo Reale - Palazzo Madama. (97 - 198),Palazzo Reale - Palazzo Madama,http://www.sigecweb.beniculturali.it/images/fullsize/ICCD1038644/ICCD13334772_0100262092%2D005.jpg,https://w3id.org/arco/resource/PhotographicHeritage/0100262092A-5,PhotographicHeritage,GENERAL,"Palazzo Reale - Palazzo Madama [indAnswer: (71 - 100), indDescription: (168 - 197)]"
EVENTSITE,Where did the cultural event related to cultural asset take place?,The cultural event Arte nelle fotografie di Palazzo Pepoli Campogrande  took place in Palazzo Pepoli Campogrande. (408 - 520),Palazzo Pepoli Campogrande,http://www.sigecweb.beniculturali.it/images/fullsize/ICCD50007109/ICCD5518137_00235413.jpg,https://w3id.org/arco/resource/PhotographicHeritage/0800391706,PhotographicHeritage,GENERAL,"Palazzo Pepoli Campogrande [indAnswer: (44 - 69), indDescription: (494 - 519)]"
EVENTSITE,Where did the cultural event related to cultural asset take place?,The cultural event Un catalogo per immagini  took place in Palazzo Chiablese. (364 - 440),Palazzo Chiablese,http://www.sigecweb.beniculturali.it/images/fullsize/ICCD1038644/ICCD13334804_0100262149.jpg,https://w3id.org/arco/resource/PhotographicHeritage/0100262149,PhotographicHeritage,GENERAL,"Palazzo Chiablese [indAnswer: (59 - 75), indDescription: (423 - 439)]"
EVENTSITE,Where did the cultural event related to cultural asset take place?,The cultural event Un catalogo per immagini  took place in Palazzo Chiablese. (489 - 565),Palazzo Chiablese,http://www.sigecweb.beniculturali.it/images/fullsize/ICCD1038644/ICCD13515246_0100262191%2D018.jpg,https://w3id.org/arco/resource/PhotographicHeritage/0100262191A-18,PhotographicHeritage,GENERAL,"Palazzo Chiablese [indAnswer: (59 - 75), indDescription: (548 - 564)]"
EVENTSITE,Where did the cultural event related to cultural asset take place?,The cultural event Un catalogo per immagini  took place in Palazzo Chiablese. (489 - 565),Palazzo Chiablese,http://www.sigecweb.beniculturali.it/images/fullsize/ICCD1038644/ICCD13515220_0100262191%2D005.jpg,https://w3id.org/arco/resource/PhotographicHeritage/0100262191A-5,PhotographicHeritage,GENERAL,"Palazzo Chiablese [indAnswer: (59 - 75), indDescription: (548 - 564)]"
EVENTSITE,Where did the cultural event related to cultural asset take place?,The cultural event Un catalogo per immagini  took place in Palazzo Chiablese. (453 - 529),Palazzo Chiablese,http://www.sigecweb.beniculturali.it/images/fullsize/ICCD1038644/ICCD13487006_0100262191%2D002.jpg,https://w3id.org/arco/resource/PhotographicHeritage/0100262191A-2,PhotographicHeritage,GENERAL,"Palazzo Chiablese [indAnswer: (59 - 75), indDescription: (512 - 528)]"
EVENTSITE,Where did the cultural event related to cultural asset take place?,The cultural event Un catalogo per immagini  took place in Palazzo Chiablese. (431 - 507),Palazzo Chiablese,http://www.sigecweb.beniculturali.it/images/fullsize/ICCD1038644/ICCD13128704_0100262144.jpg,https://w3id.org/arco/resource/PhotographicHeritage/0100262144,PhotographicHeritage,GENERAL,"Palazzo Chiablese [indAnswer: (59 - 75), indDescription: (490 - 506)]"
EVENTSITE,Where did the cultural event related to cultural asset take place?,The cultural event Un catalogo per immagini  took place in Palazzo Chiablese. (489 - 565),Palazzo Chiablese,http://www.sigecweb.beniculturali.it/images/fullsize/ICCD1038644/ICCD13515250_0100262191%2D020.jpg,https://w3id.org/arco/resource/PhotographicHeritage/0100262191A-20,PhotographicHeritage,GENERAL,"Palazzo Chiablese [indAnswer: (59 - 75), indDescription: (548 - 564)]"
EVENTSITE,Where did the cultural event related to cultural asset take place?,The cultural event Alfredo d'Andrade: tutela e restauro  took place in Palazzo Reale - Palazzo Madama. (234 - 335),Palazzo Reale - Palazzo Madama,http://www.sigecweb.beniculturali.it/images/fullsize/ICCD1038644/ICCD13334760_0100262091%2D005.jpg,https://w3id.org/arco/resource/PhotographicHeritage/0100262091A-5,PhotographicHeritage,GENERAL,"Palazzo Reale - Palazzo Madama [indAnswer: (71 - 100), indDescription: (305 - 334)]"
