Id,Question,Answer,Short Answer,Depiction,CulturalProperty,CulturalProperty Class,Typology,Short Answer_index
BLACKANDWHITE,Is it black and white or colored?,The cultural asset is black and white. (248 - 285),Black and white,http://www.sigecweb.beniculturali.it/images/fullsize/ICCD1023190/ICCD11928207_UCAMSAE00164.jpg,https://w3id.org/arco/resource/PhotographicHeritage/2000219444,PhotographicHeritage,GENERAL,"Black and white [indAnswer: (22 - 36), indDescription: (270 - 284)]"
BLACKANDWHITE,Is it black and white or colored?,The cultural asset is black and white. (243 - 280),Black and white,http://www.sigecweb.beniculturali.it/images/fullsize/ICCD12506/ICCD2237035_00156207.jpg,https://w3id.org/arco/resource/PhotographicHeritage/0100168567,PhotographicHeritage,GENERAL,"Black and white [indAnswer: (22 - 36), indDescription: (265 - 279)]"
BLACKANDWHITE,Is it black and white or colored?,The cultural asset is black and white. (46 - 83),Black and white,http://www.sigecweb.beniculturali.it/images/fullsize/ICCD1039018/ICCD13577913_D00197805.jpg,https://w3id.org/arco/resource/PhotographicHeritage/0300197805,PhotographicHeritage,GENERAL,"Black and white [indAnswer: (22 - 36), indDescription: (68 - 82)]"
BLACKANDWHITE,Is it black and white or colored?,The cultural asset is black and white. (0 - 37),Black and white,http://www.sigecweb.beniculturali.it/images/fullsize/ICCD50007125/ICCD5756036_5948f.jpg,https://w3id.org/arco/resource/PhotographicHeritage/0900559787,PhotographicHeritage,GENERAL,"Black and white [indAnswer: (22 - 36), indDescription: (22 - 36)]"
BLACKANDWHITE,Is it black and white or colored?,The cultural asset is black and white. (285 - 322),Black and white,http://www.sigecweb.beniculturali.it/images/fullsize/ICCD12506/ICCD2237016_00156210.jpg,https://w3id.org/arco/resource/PhotographicHeritage/0100168557,PhotographicHeritage,GENERAL,"Black and white [indAnswer: (22 - 36), indDescription: (307 - 321)]"
BLACKANDWHITE,Is it black and white or colored?,The cultural asset is black and white. (243 - 280),Black and white,http://www.sigecweb.beniculturali.it/images/fullsize/ICCD1023190/ICCD11928223_UCAMSAE00167.jpg,https://w3id.org/arco/resource/PhotographicHeritage/2000219447,PhotographicHeritage,GENERAL,"Black and white [indAnswer: (22 - 36), indDescription: (265 - 279)]"
BLACKANDWHITE,Is it black and white or colored?,The cultural asset is black and white. (246 - 283),Black and white,http://www.sigecweb.beniculturali.it/images/fullsize/ICCD50007109/ICCD5516447_00236961.jpg,https://w3id.org/arco/resource/PhotographicHeritage/0800392495,PhotographicHeritage,GENERAL,"Black and white [indAnswer: (22 - 36), indDescription: (268 - 282)]"
BLACKANDWHITE,Is it black and white or colored?,The cultural asset is black and white. (246 - 283),Black and white,http://www.sigecweb.beniculturali.it/images/fullsize/ICCD50007109/ICCD5516455_00236965.jpg,https://w3id.org/arco/resource/PhotographicHeritage/0800392499,PhotographicHeritage,GENERAL,"Black and white [indAnswer: (22 - 36), indDescription: (268 - 282)]"
BLACKANDWHITE,Is it black and white or colored?,The cultural asset is black and white. (246 - 283),Black and white,http://www.sigecweb.beniculturali.it/images/fullsize/ICCD12506/ICCD2237023_00156226.jpg,https://w3id.org/arco/resource/PhotographicHeritage/0100168561,PhotographicHeritage,GENERAL,"Black and white [indAnswer: (22 - 36), indDescription: (268 - 282)]"
BLACKANDWHITE,Is it black and white or colored?,The cultural asset is black and white. (45 - 82),Black and white,http://www.sigecweb.beniculturali.it/images/fullsize/ICCD1005566/ICCD10708362_P_000003.jpg,https://w3id.org/arco/resource/PhotographicHeritage/0800265618,PhotographicHeritage,GENERAL,"Black and white [indAnswer: (22 - 36), indDescription: (67 - 81)]"
BLACKANDWHITE,Is it black and white or colored?,The cultural asset is black and white. (239 - 276),Black and white,http://www.sigecweb.beniculturali.it/images/fullsize/ICCD50007109/ICCD8354441_00252159.jpg,https://w3id.org/arco/resource/PhotographicHeritage/0800458968,PhotographicHeritage,GENERAL,"Black and white [indAnswer: (22 - 36), indDescription: (261 - 275)]"
BLACKANDWHITE,Is it black and white or colored?,The cultural asset is black and white. (167 - 204),Black and white,http://www.sigecweb.beniculturali.it/images/fullsize/ICCD50007109/ICCD8353430_00250634.jpg,https://w3id.org/arco/resource/PhotographicHeritage/0800418533,PhotographicHeritage,GENERAL,"Black and white [indAnswer: (22 - 36), indDescription: (189 - 203)]"
BLACKANDWHITE,Is it black and white or colored?,The cultural asset is black and white. (45 - 82),Black and white,http://www.sigecweb.beniculturali.it/images/fullsize/ICCD1005566/ICCD10708305_P_000006.jpg,https://w3id.org/arco/resource/PhotographicHeritage/0800265621,PhotographicHeritage,GENERAL,"Black and white [indAnswer: (22 - 36), indDescription: (67 - 81)]"
BLACKANDWHITE,Is it black and white or colored?,The cultural asset is black and white. (45 - 82),Black and white,http://www.sigecweb.beniculturali.it/images/fullsize/ICCD1005566/ICCD10708372_P_000007.jpg,https://w3id.org/arco/resource/PhotographicHeritage/0800265622,PhotographicHeritage,GENERAL,"Black and white [indAnswer: (22 - 36), indDescription: (67 - 81)]"
BLACKANDWHITE,Is it black and white or colored?,The cultural asset is black and white. (152 - 189),Black and white,http://www.sigecweb.beniculturali.it/images/fullsize/ICCD12506/ICCD2237053_00156223.jpg,https://w3id.org/arco/resource/PhotographicHeritage/0100168576,PhotographicHeritage,GENERAL,"Black and white [indAnswer: (22 - 36), indDescription: (174 - 188)]"
BLACKANDWHITE,Is it black and white or colored?,The cultural asset is black and white. (246 - 283),Black and white,http://www.sigecweb.beniculturali.it/images/fullsize/ICCD1023190/ICCD11928219_UCAMSAE00166.jpg,https://w3id.org/arco/resource/PhotographicHeritage/2000219446,PhotographicHeritage,GENERAL,"Black and white [indAnswer: (22 - 36), indDescription: (268 - 282)]"
BLACKANDWHITE,Is it black and white or colored?,The cultural asset is black and white. (130 - 167),Black and white,http://www.sigecweb.beniculturali.it/images/fullsize/ICCD1014584/ICCD10468422_DISPACFP_IN_563.jpg,https://w3id.org/arco/resource/PhotographicHeritage/1500820109,PhotographicHeritage,GENERAL,"Black and white [indAnswer: (22 - 36), indDescription: (152 - 166)]"
BLACKANDWHITE,Is it black and white or colored?,The cultural asset is black and white. (242 - 279),Black and white,http://www.sigecweb.beniculturali.it/images/fullsize/ICCD12506/ICCD2237033_00156236.jpg,https://w3id.org/arco/resource/PhotographicHeritage/0100168566,PhotographicHeritage,GENERAL,"Black and white [indAnswer: (22 - 36), indDescription: (264 - 278)]"
BLACKANDWHITE,Is it black and white or colored?,The cultural asset is black and white. (275 - 312),Black and white,http://www.sigecweb.beniculturali.it/images/fullsize/ICCD50007109/ICCD8353578_00250809.jpg,https://w3id.org/arco/resource/PhotographicHeritage/0800418602,PhotographicHeritage,GENERAL,"Black and white [indAnswer: (22 - 36), indDescription: (297 - 311)]"
BLACKANDWHITE,Is it black and white or colored?,The cultural asset is black and white. (244 - 281),Black and white,http://www.sigecweb.beniculturali.it/images/fullsize/ICCD12506/ICCD2237051_00156221.jpg,https://w3id.org/arco/resource/PhotographicHeritage/0100168575,PhotographicHeritage,GENERAL,"Black and white [indAnswer: (22 - 36), indDescription: (266 - 280)]"
BLACKANDWHITE,Is it black and white or colored?,The cultural asset is black and white. (0 - 37),Black and white,http://www.sigecweb.beniculturali.it/images/fullsize/ICCD50007125/ICCD5755671_5849f.jpg,https://w3id.org/arco/resource/PhotographicHeritage/0900559602,PhotographicHeritage,GENERAL,"Black and white [indAnswer: (22 - 36), indDescription: (22 - 36)]"
BLACKANDWHITE,Is it black and white or colored?,The cultural asset is black and white. (0 - 37),Black and white,http://www.sigecweb.beniculturali.it/images/fullsize/ICCD50007125/ICCD5756368_6592.jpg,https://w3id.org/arco/resource/PhotographicHeritage/0900559959,PhotographicHeritage,GENERAL,"Black and white [indAnswer: (22 - 36), indDescription: (22 - 36)]"
BLACKANDWHITE,Is it black and white or colored?,The cultural asset is black and white. (45 - 82),Black and white,http://www.sigecweb.beniculturali.it/images/fullsize/ICCD1010085/ICCD10239038_FP_ED_NE_513.jpg,https://w3id.org/arco/resource/PhotographicHeritage/1500818210,PhotographicHeritage,GENERAL,"Black and white [indAnswer: (22 - 36), indDescription: (67 - 81)]"
BLACKANDWHITE,Is it black and white or colored?,The cultural asset is black and white. (245 - 282),Black and white,http://www.sigecweb.beniculturali.it/images/fullsize/ICCD12506/ICCD2237039_00156211.jpg,https://w3id.org/arco/resource/PhotographicHeritage/0100168569,PhotographicHeritage,GENERAL,"Black and white [indAnswer: (22 - 36), indDescription: (267 - 281)]"
BLACKANDWHITE,Is it black and white or colored?,The cultural asset is black and white. (167 - 204),Black and white,http://www.sigecweb.beniculturali.it/images/fullsize/ICCD50007109/ICCD8353434_00250738.jpg,https://w3id.org/arco/resource/PhotographicHeritage/0800418535,PhotographicHeritage,GENERAL,"Black and white [indAnswer: (22 - 36), indDescription: (189 - 203)]"
BLACKANDWHITE,Is it black and white or colored?,The cultural asset is black and white. (132 - 169),Black and white,http://www.sigecweb.beniculturali.it/images/fullsize/ICCD1014584/ICCD10467830_DISPACFP_IN_756.jpg,https://w3id.org/arco/resource/PhotographicHeritage/1500819991,PhotographicHeritage,GENERAL,"Black and white [indAnswer: (22 - 36), indDescription: (154 - 168)]"
BLACKANDWHITE,Is it black and white or colored?,The cultural asset is black and white. (0 - 37),Black and white,http://www.sigecweb.beniculturali.it/images/fullsize/ICCD50007111/ICCD8589288_00133231.jpg,https://w3id.org/arco/resource/PhotographicHeritage/0800430894,PhotographicHeritage,GENERAL,"Black and white [indAnswer: (22 - 36), indDescription: (22 - 36)]"
BLACKANDWHITE,Is it black and white or colored?,The cultural asset is black and white. (256 - 293),Black and white,http://www.sigecweb.beniculturali.it/images/fullsize/ICCD12506/ICCD2237049_00156229.jpg,https://w3id.org/arco/resource/PhotographicHeritage/0100168574,PhotographicHeritage,GENERAL,"Black and white [indAnswer: (22 - 36), indDescription: (278 - 292)]"
BLACKANDWHITE,Is it black and white or colored?,The cultural asset is black and white. (251 - 288),Black and white,http://www.sigecweb.beniculturali.it/images/fullsize/ICCD50007109/ICCD8353522_00250782.jpg,https://w3id.org/arco/resource/PhotographicHeritage/0800418578,PhotographicHeritage,GENERAL,"Black and white [indAnswer: (22 - 36), indDescription: (273 - 287)]"
BLACKANDWHITE,Is it black and white or colored?,The cultural asset is black and white. (81 - 118),Black and white,http://www.sigecweb.beniculturali.it/images/fullsize/ICCD1014524/ICCD10469116_DISPACFP_IN_183.jpg,https://w3id.org/arco/resource/PhotographicHeritage/1500819132,PhotographicHeritage,GENERAL,"Black and white [indAnswer: (22 - 36), indDescription: (103 - 117)]"
BLACKANDWHITE,Is it black and white or colored?,The cultural asset is black and white. (45 - 82),Black and white,http://www.sigecweb.beniculturali.it/images/fullsize/ICCD1010085/ICCD10239055_FP_ED_NE_517.jpg,https://w3id.org/arco/resource/PhotographicHeritage/1500818214,PhotographicHeritage,GENERAL,"Black and white [indAnswer: (22 - 36), indDescription: (67 - 81)]"
BLACKANDWHITE,Is it black and white or colored?,The cultural asset is black and white. (262 - 299),Black and white,http://www.sigecweb.beniculturali.it/images/fullsize/ICCD1023190/ICCD11928190_UCAMSAE00160.jpg,https://w3id.org/arco/resource/PhotographicHeritage/2000219440,PhotographicHeritage,GENERAL,"Black and white [indAnswer: (22 - 36), indDescription: (284 - 298)]"
BLACKANDWHITE,Is it black and white or colored?,The cultural asset is black and white. (45 - 82),Black and white,http://www.sigecweb.beniculturali.it/images/fullsize/ICCD1010085/ICCD10233546_FP_ED_NE_498.jpg,https://w3id.org/arco/resource/PhotographicHeritage/1500818195,PhotographicHeritage,GENERAL,"Black and white [indAnswer: (22 - 36), indDescription: (67 - 81)]"
BLACKANDWHITE,Is it black and white or colored?,The cultural asset is black and white. (121 - 158),Black and white,http://www.sigecweb.beniculturali.it/images/fullsize/ICCD1014584/ICCD10468424_DISPACFP_IN_564.jpg,https://w3id.org/arco/resource/PhotographicHeritage/1500820110,PhotographicHeritage,GENERAL,"Black and white [indAnswer: (22 - 36), indDescription: (143 - 157)]"
BLACKANDWHITE,Is it black and white or colored?,The cultural asset is black and white. (246 - 283),Black and white,http://www.sigecweb.beniculturali.it/images/fullsize/ICCD50007109/ICCD5516463_00236969.jpg,https://w3id.org/arco/resource/PhotographicHeritage/0800392503,PhotographicHeritage,GENERAL,"Black and white [indAnswer: (22 - 36), indDescription: (268 - 282)]"
BLACKANDWHITE,Is it black and white or colored?,The cultural asset is black and white. (231 - 268),Black and white,http://www.sigecweb.beniculturali.it/images/fullsize/ICCD50007109/ICCD8354437_00252157.jpg,https://w3id.org/arco/resource/PhotographicHeritage/0800458966,PhotographicHeritage,GENERAL,"Black and white [indAnswer: (22 - 36), indDescription: (253 - 267)]"
BLACKANDWHITE,Is it black and white or colored?,The cultural asset is black and white. (0 - 37),Black and white,http://www.sigecweb.beniculturali.it/images/fullsize/ICCD50007111/ICCD8596535_00133553.jpg,https://w3id.org/arco/resource/PhotographicHeritage/0800431171,PhotographicHeritage,GENERAL,"Black and white [indAnswer: (22 - 36), indDescription: (22 - 36)]"
BLACKANDWHITE,Is it black and white or colored?,The cultural asset is black and white. (269 - 306),Black and white,http://www.sigecweb.beniculturali.it/images/fullsize/ICCD1023190/ICCD11928192_UCAMSAE00161.jpg,https://w3id.org/arco/resource/PhotographicHeritage/2000219441,PhotographicHeritage,GENERAL,"Black and white [indAnswer: (22 - 36), indDescription: (291 - 305)]"
BLACKANDWHITE,Is it black and white or colored?,The cultural asset is black and white. (271 - 308),Black and white,http://www.sigecweb.beniculturali.it/images/fullsize/ICCD50007109/ICCD8353562_00250802.jpg,https://w3id.org/arco/resource/PhotographicHeritage/0800418596,PhotographicHeritage,GENERAL,"Black and white [indAnswer: (22 - 36), indDescription: (293 - 307)]"
BLACKANDWHITE,Is it black and white or colored?,The cultural asset is black and white. (246 - 283),Black and white,http://www.sigecweb.beniculturali.it/images/fullsize/ICCD50007109/ICCD5516467_00236971.jpg,https://w3id.org/arco/resource/PhotographicHeritage/0800392505,PhotographicHeritage,GENERAL,"Black and white [indAnswer: (22 - 36), indDescription: (268 - 282)]"
BLACKANDWHITE,Is it black and white or colored?,The cultural asset is black and white. (278 - 315),Black and white,http://www.sigecweb.beniculturali.it/images/fullsize/ICCD50007109/ICCD8353552_00250797.jpg,https://w3id.org/arco/resource/PhotographicHeritage/0800418591,PhotographicHeritage,GENERAL,"Black and white [indAnswer: (22 - 36), indDescription: (300 - 314)]"
BLACKANDWHITE,Is it black and white or colored?,The cultural asset is black and white. (45 - 82),Black and white,http://www.sigecweb.beniculturali.it/images/fullsize/ICCD1005566/ICCD10702535_P_000001.jpg,https://w3id.org/arco/resource/PhotographicHeritage/0800265616,PhotographicHeritage,GENERAL,"Black and white [indAnswer: (22 - 36), indDescription: (67 - 81)]"
BLACKANDWHITE,Is it black and white or colored?,The cultural asset is black and white. (0 - 37),Black and white,http://www.sigecweb.beniculturali.it/images/fullsize/ICCD50007125/ICCD5756370_6593.jpg,https://w3id.org/arco/resource/PhotographicHeritage/0900559960,PhotographicHeritage,GENERAL,"Black and white [indAnswer: (22 - 36), indDescription: (22 - 36)]"
BLACKANDWHITE,Is it black and white or colored?,The cultural asset is black and white. (246 - 283),Black and white,http://www.sigecweb.beniculturali.it/images/fullsize/ICCD50007109/ICCD5516469_00236972.jpg,https://w3id.org/arco/resource/PhotographicHeritage/0800392506,PhotographicHeritage,GENERAL,"Black and white [indAnswer: (22 - 36), indDescription: (268 - 282)]"
BLACKANDWHITE,Is it black and white or colored?,The cultural asset is black and white. (45 - 82),Black and white,http://www.sigecweb.beniculturali.it/images/fullsize/ICCD1010085/ICCD10239048_FP_ED_NE_515.jpg,https://w3id.org/arco/resource/PhotographicHeritage/1500818212,PhotographicHeritage,GENERAL,"Black and white [indAnswer: (22 - 36), indDescription: (67 - 81)]"
BLACKANDWHITE,Is it black and white or colored?,The cultural asset is black and white. (246 - 283),Black and white,http://www.sigecweb.beniculturali.it/images/fullsize/ICCD50007109/ICCD5516451_00236963.jpg,https://w3id.org/arco/resource/PhotographicHeritage/0800392497,PhotographicHeritage,GENERAL,"Black and white [indAnswer: (22 - 36), indDescription: (268 - 282)]"
BLACKANDWHITE,Is it black and white or colored?,The cultural asset is black and white. (132 - 169),Black and white,http://www.sigecweb.beniculturali.it/images/fullsize/ICCD12506/ICCD2237018_00156249.jpg,https://w3id.org/arco/resource/PhotographicHeritage/0100168558,PhotographicHeritage,GENERAL,"Black and white [indAnswer: (22 - 36), indDescription: (154 - 168)]"
BLACKANDWHITE,Is it black and white or colored?,The cultural asset is black and white. (45 - 82),Black and white,http://www.sigecweb.beniculturali.it/images/fullsize/ICCD1005566/ICCD10708364_P_000004.jpg,https://w3id.org/arco/resource/PhotographicHeritage/0800265619,PhotographicHeritage,GENERAL,"Black and white [indAnswer: (22 - 36), indDescription: (67 - 81)]"
BLACKANDWHITE,Is it black and white or colored?,The cultural asset is black and white. (0 - 37),Black and white,http://www.sigecweb.beniculturali.it/images/fullsize/ICCD50007125/ICCD5756030_5945f.jpg,https://w3id.org/arco/resource/PhotographicHeritage/0900559784,PhotographicHeritage,GENERAL,"Black and white [indAnswer: (22 - 36), indDescription: (22 - 36)]"
BLACKANDWHITE,Is it black and white or colored?,The cultural asset is black and white. (0 - 37),Black and white,http://www.sigecweb.beniculturali.it/images/fullsize/ICCD50007111/ICCD8595952_00133414.jpg,https://w3id.org/arco/resource/PhotographicHeritage/0800430857,PhotographicHeritage,GENERAL,"Black and white [indAnswer: (22 - 36), indDescription: (22 - 36)]"
BLACKANDWHITE,Is it black and white or colored?,The cultural asset is black and white. (283 - 320),Black and white,http://www.sigecweb.beniculturali.it/images/fullsize/ICCD50007109/ICCD8353514_00250778.jpg,https://w3id.org/arco/resource/PhotographicHeritage/0800418574,PhotographicHeritage,GENERAL,"Black and white [indAnswer: (22 - 36), indDescription: (305 - 319)]"
BLACKANDWHITE,Is it black and white or colored?,The cultural asset is black and white. (0 - 37),Black and white,http://www.sigecweb.beniculturali.it/images/fullsize/ICCD50007125/ICCD5756378_6597.jpg,https://w3id.org/arco/resource/PhotographicHeritage/0900559964,PhotographicHeritage,GENERAL,"Black and white [indAnswer: (22 - 36), indDescription: (22 - 36)]"
BLACKANDWHITE,Is it black and white or colored?,The cultural asset is black and white. (246 - 283),Black and white,http://www.sigecweb.beniculturali.it/images/fullsize/ICCD50007109/ICCD5516453_00236964.jpg,https://w3id.org/arco/resource/PhotographicHeritage/0800392498,PhotographicHeritage,GENERAL,"Black and white [indAnswer: (22 - 36), indDescription: (268 - 282)]"
BLACKANDWHITE,Is it black and white or colored?,The cultural asset is black and white. (121 - 158),Black and white,http://www.sigecweb.beniculturali.it/images/fullsize/ICCD1014584/ICCD10468426_DISPACFP_IN_565.jpg,https://w3id.org/arco/resource/PhotographicHeritage/1500820135,PhotographicHeritage,GENERAL,"Black and white [indAnswer: (22 - 36), indDescription: (143 - 157)]"
BLACKANDWHITE,Is it black and white or colored?,The cultural asset is black and white. (0 - 37),Black and white,http://www.sigecweb.beniculturali.it/images/fullsize/ICCD50007111/ICCD8595899_00133382.jpg,https://w3id.org/arco/resource/PhotographicHeritage/0800430820,PhotographicHeritage,GENERAL,"Black and white [indAnswer: (22 - 36), indDescription: (22 - 36)]"
BLACKANDWHITE,Is it black and white or colored?,The cultural asset is black and white. (246 - 283),Black and white,http://www.sigecweb.beniculturali.it/images/fullsize/ICCD50007109/ICCD5516461_00236968.jpg,https://w3id.org/arco/resource/PhotographicHeritage/0800392502,PhotographicHeritage,GENERAL,"Black and white [indAnswer: (22 - 36), indDescription: (268 - 282)]"
BLACKANDWHITE,Is it black and white or colored?,The cultural asset is black and white. (251 - 288),Black and white,http://www.sigecweb.beniculturali.it/images/fullsize/ICCD1023190/ICCD11928204_UCAMSAE00163.jpg,https://w3id.org/arco/resource/PhotographicHeritage/2000219443,PhotographicHeritage,GENERAL,"Black and white [indAnswer: (22 - 36), indDescription: (273 - 287)]"
BLACKANDWHITE,Is it black and white or colored?,The cultural asset is black and white. (246 - 283),Black and white,http://www.sigecweb.beniculturali.it/images/fullsize/ICCD50007109/ICCD5516473_00236974.jpg,https://w3id.org/arco/resource/PhotographicHeritage/0800392508,PhotographicHeritage,GENERAL,"Black and white [indAnswer: (22 - 36), indDescription: (268 - 282)]"
BLACKANDWHITE,Is it black and white or colored?,The cultural asset is black and white. (245 - 282),Black and white,http://www.sigecweb.beniculturali.it/images/fullsize/ICCD12506/ICCD2237047_00156241.jpg,https://w3id.org/arco/resource/PhotographicHeritage/0100168573,PhotographicHeritage,GENERAL,"Black and white [indAnswer: (22 - 36), indDescription: (267 - 281)]"
BLACKANDWHITE,Is it black and white or colored?,The cultural asset is black and white. (45 - 82),Black and white,http://www.sigecweb.beniculturali.it/images/fullsize/ICCD1010085/ICCD10233651_FP_ED_NE_499.jpg,https://w3id.org/arco/resource/PhotographicHeritage/1500818196,PhotographicHeritage,GENERAL,"Black and white [indAnswer: (22 - 36), indDescription: (67 - 81)]"
BLACKANDWHITE,Is it black and white or colored?,The cultural asset is black and white. (0 - 37),Black and white,http://www.sigecweb.beniculturali.it/images/fullsize/ICCD50007125/ICCD5756380_6598.jpg,https://w3id.org/arco/resource/PhotographicHeritage/0900559965,PhotographicHeritage,GENERAL,"Black and white [indAnswer: (22 - 36), indDescription: (22 - 36)]"
BLACKANDWHITE,Is it black and white or colored?,The cultural asset is black and white. (238 - 275),Black and white,http://www.sigecweb.beniculturali.it/images/fullsize/ICCD50007109/ICCD8353442_00250742.jpg,https://w3id.org/arco/resource/PhotographicHeritage/0800418539,PhotographicHeritage,GENERAL,"Black and white [indAnswer: (22 - 36), indDescription: (260 - 274)]"
BLACKANDWHITE,Is it black and white or colored?,The cultural asset is black and white. (229 - 266),Black and white,http://www.sigecweb.beniculturali.it/images/fullsize/ICCD1023190/ICCD11928197_UCAMSAE00162.jpg,https://w3id.org/arco/resource/PhotographicHeritage/2000219442,PhotographicHeritage,GENERAL,"Black and white [indAnswer: (22 - 36), indDescription: (251 - 265)]"
BLACKANDWHITE,Is it black and white or colored?,The cultural asset is black and white. (247 - 284),Black and white,http://www.sigecweb.beniculturali.it/images/fullsize/ICCD1023190/ICCD11928211_UCAMSAE00165.jpg,https://w3id.org/arco/resource/PhotographicHeritage/2000219445,PhotographicHeritage,GENERAL,"Black and white [indAnswer: (22 - 36), indDescription: (269 - 283)]"
BLACKANDWHITE,Is it black and white or colored?,The cultural asset is black and white. (45 - 82),Black and white,http://www.sigecweb.beniculturali.it/images/fullsize/ICCD1005566/ICCD10713110_P_000002.jpg,https://w3id.org/arco/resource/PhotographicHeritage/0800265617,PhotographicHeritage,GENERAL,"Black and white [indAnswer: (22 - 36), indDescription: (67 - 81)]"
BLACKANDWHITE,Is it black and white or colored?,The cultural asset is black and white. (240 - 277),Black and white,http://www.sigecweb.beniculturali.it/images/fullsize/ICCD50007109/ICCD8353432_00250737.jpg,https://w3id.org/arco/resource/PhotographicHeritage/0800418534,PhotographicHeritage,GENERAL,"Black and white [indAnswer: (22 - 36), indDescription: (262 - 276)]"
BLACKANDWHITE,Is it black and white or colored?,The cultural asset is black and white. (259 - 296),Black and white,http://www.sigecweb.beniculturali.it/images/fullsize/ICCD12506/ICCD2237020_00156219.jpg,https://w3id.org/arco/resource/PhotographicHeritage/0100168559,PhotographicHeritage,GENERAL,"Black and white [indAnswer: (22 - 36), indDescription: (281 - 295)]"
BLACKANDWHITE,Is it black and white or colored?,The cultural asset is black and white. (134 - 171),Black and white,http://www.sigecweb.beniculturali.it/images/fullsize/ICCD50007125/ICCD2563655_sbaaas_pi_90885.jpg,https://w3id.org/arco/resource/PhotographicHeritage/0900408532,PhotographicHeritage,GENERAL,"Black and white [indAnswer: (22 - 36), indDescription: (156 - 170)]"
BLACKANDWHITE,Is it black and white or colored?,The cultural asset is black and white. (0 - 37),Black and white,http://www.sigecweb.beniculturali.it/images/fullsize/ICCD50007125/ICCD5756148_6618.jpg,https://w3id.org/arco/resource/PhotographicHeritage/0900559845,PhotographicHeritage,GENERAL,"Black and white [indAnswer: (22 - 36), indDescription: (22 - 36)]"
BLACKANDWHITE,Is it black and white or colored?,The cultural asset is black and white. (45 - 82),Black and white,http://www.sigecweb.beniculturali.it/images/fullsize/ICCD1010085/ICCD10239051_FP_ED_NE_516.jpg,https://w3id.org/arco/resource/PhotographicHeritage/1500818213,PhotographicHeritage,GENERAL,"Black and white [indAnswer: (22 - 36), indDescription: (67 - 81)]"
BLACKANDWHITE,Is it black and white or colored?,The cultural asset is black and white. (237 - 274),Black and white,http://www.sigecweb.beniculturali.it/images/fullsize/ICCD12506/ICCD2237027_00156231.jpg,https://w3id.org/arco/resource/PhotographicHeritage/0100168563,PhotographicHeritage,GENERAL,"Black and white [indAnswer: (22 - 36), indDescription: (259 - 273)]"
BLACKANDWHITE,Is it black and white or colored?,The cultural asset is black and white. (136 - 173),Black and white,http://www.sigecweb.beniculturali.it/images/fullsize/ICCD1014524/ICCD10469711_DISPACFP_IN_366.jpg,https://w3id.org/arco/resource/PhotographicHeritage/1500819019,PhotographicHeritage,GENERAL,"Black and white [indAnswer: (22 - 36), indDescription: (158 - 172)]"
BLACKANDWHITE,Is it black and white or colored?,The cultural asset is black and white. (274 - 311),Black and white,http://www.sigecweb.beniculturali.it/images/fullsize/ICCD50007109/ICCD8353526_00250784.jpg,https://w3id.org/arco/resource/PhotographicHeritage/0800418580,PhotographicHeritage,GENERAL,"Black and white [indAnswer: (22 - 36), indDescription: (296 - 310)]"
BLACKANDWHITE,Is it black and white or colored?,The cultural asset is black and white. (0 - 37),Black and white,http://www.sigecweb.beniculturali.it/images/fullsize/ICCD50007111/ICCD8596020_00133232.jpg,https://w3id.org/arco/resource/PhotographicHeritage/0800430896,PhotographicHeritage,GENERAL,"Black and white [indAnswer: (22 - 36), indDescription: (22 - 36)]"
BLACKANDWHITE,Is it black and white or colored?,The cultural asset is black and white. (0 - 37),Black and white,http://www.sigecweb.beniculturali.it/images/fullsize/ICCD50007111/ICCD8589282_00133224.jpg,https://w3id.org/arco/resource/PhotographicHeritage/0800430887,PhotographicHeritage,GENERAL,"Black and white [indAnswer: (22 - 36), indDescription: (22 - 36)]"
BLACKANDWHITE,Is it black and white or colored?,The cultural asset is black and white. (0 - 37),Black and white,http://www.sigecweb.beniculturali.it/images/fullsize/ICCD50007125/ICCD5756032_5946f.jpg,https://w3id.org/arco/resource/PhotographicHeritage/0900559785,PhotographicHeritage,GENERAL,"Black and white [indAnswer: (22 - 36), indDescription: (22 - 36)]"
BLACKANDWHITE,Is it black and white or colored?,The cultural asset is black and white. (136 - 173),Black and white,http://www.sigecweb.beniculturali.it/images/fullsize/ICCD1014524/ICCD10470130_DISPACFP_IN_500.jpg,https://w3id.org/arco/resource/PhotographicHeritage/1500819299,PhotographicHeritage,GENERAL,"Black and white [indAnswer: (22 - 36), indDescription: (158 - 172)]"
BLACKANDWHITE,Is it black and white or colored?,The cultural asset is black and white. (246 - 283),Black and white,http://www.sigecweb.beniculturali.it/images/fullsize/ICCD12506/ICCD2237020_00156219.jpg,https://w3id.org/arco/resource/PhotographicHeritage/0100168560,PhotographicHeritage,GENERAL,"Black and white [indAnswer: (22 - 36), indDescription: (268 - 282)]"
BLACKANDWHITE,Is it black and white or colored?,The cultural asset is black and white. (246 - 283),Black and white,http://www.sigecweb.beniculturali.it/images/fullsize/ICCD50007109/ICCD5516465_00236970.jpg,https://w3id.org/arco/resource/PhotographicHeritage/0800392504,PhotographicHeritage,GENERAL,"Black and white [indAnswer: (22 - 36), indDescription: (268 - 282)]"
BLACKANDWHITE,Is it black and white or colored?,The cultural asset is black and white. (246 - 283),Black and white,http://www.sigecweb.beniculturali.it/images/fullsize/ICCD50007109/ICCD5516471_00236973.jpg,https://w3id.org/arco/resource/PhotographicHeritage/0800392507,PhotographicHeritage,GENERAL,"Black and white [indAnswer: (22 - 36), indDescription: (268 - 282)]"
BLACKANDWHITE,Is it black and white or colored?,The cultural asset is black and white. (247 - 284),Black and white,http://www.sigecweb.beniculturali.it/images/fullsize/ICCD12506/ICCD2237029_00156234.jpg,https://w3id.org/arco/resource/PhotographicHeritage/0100168564,PhotographicHeritage,GENERAL,"Black and white [indAnswer: (22 - 36), indDescription: (269 - 283)]"
BLACKANDWHITE,Is it black and white or colored?,The cultural asset is black and white. (0 - 37),Black and white,http://www.sigecweb.beniculturali.it/images/fullsize/ICCD50007125/ICCD5756144_6616.jpg,https://w3id.org/arco/resource/PhotographicHeritage/0900559843,PhotographicHeritage,GENERAL,"Black and white [indAnswer: (22 - 36), indDescription: (22 - 36)]"
BLACKANDWHITE,Is it black and white or colored?,The cultural asset is black and white. (129 - 166),Black and white,http://www.sigecweb.beniculturali.it/images/fullsize/ICCD1014524/ICCD10469327_DISPACFP_IN_249.jpg,https://w3id.org/arco/resource/PhotographicHeritage/1500819307,PhotographicHeritage,GENERAL,"Black and white [indAnswer: (22 - 36), indDescription: (151 - 165)]"
BLACKANDWHITE,Is it black and white or colored?,The cultural asset is black and white. (132 - 169),Black and white,http://www.sigecweb.beniculturali.it/images/fullsize/ICCD1014524/ICCD10469715_DISPACFP_IN_375.jpg,https://w3id.org/arco/resource/PhotographicHeritage/1500818967,PhotographicHeritage,GENERAL,"Black and white [indAnswer: (22 - 36), indDescription: (154 - 168)]"
BLACKANDWHITE,Is it black and white or colored?,The cultural asset is black and white. (167 - 204),Black and white,http://www.sigecweb.beniculturali.it/images/fullsize/ICCD50007109/ICCD8353438_00250740.jpg,https://w3id.org/arco/resource/PhotographicHeritage/0800418537,PhotographicHeritage,GENERAL,"Black and white [indAnswer: (22 - 36), indDescription: (189 - 203)]"
BLACKANDWHITE,Is it black and white or colored?,The cultural asset is black and white. (107 - 144),Black and white,http://www.sigecweb.beniculturali.it/images/fullsize/ICCD50007111/ICCD8596529_00133550.jpg,https://w3id.org/arco/resource/PhotographicHeritage/0800431167,PhotographicHeritage,GENERAL,"Black and white [indAnswer: (22 - 36), indDescription: (129 - 143)]"
BLACKANDWHITE,Is it black and white or colored?,The cultural asset is black and white. (236 - 273),Black and white,http://www.sigecweb.beniculturali.it/images/fullsize/ICCD12506/ICCD2237045_00156214.jpg,https://w3id.org/arco/resource/PhotographicHeritage/0100168572,PhotographicHeritage,GENERAL,"Black and white [indAnswer: (22 - 36), indDescription: (258 - 272)]"
BLACKANDWHITE,Is it black and white or colored?,The cultural asset is black and white. (160 - 197),Black and white,http://www.sigecweb.beniculturali.it/images/fullsize/ICCD50007111/ICCD8596006_00133223.jpg,https://w3id.org/arco/resource/PhotographicHeritage/0800430885,PhotographicHeritage,GENERAL,"Black and white [indAnswer: (22 - 36), indDescription: (182 - 196)]"
BLACKANDWHITE,Is it black and white or colored?,The cultural asset is black and white. (261 - 298),Black and white,http://www.sigecweb.beniculturali.it/images/fullsize/ICCD50007109/ICCD8353510_00250776.jpg,https://w3id.org/arco/resource/PhotographicHeritage/0800418572,PhotographicHeritage,GENERAL,"Black and white [indAnswer: (22 - 36), indDescription: (283 - 297)]"
BLACKANDWHITE,Is it black and white or colored?,The cultural asset is black and white. (45 - 82),Black and white,http://www.sigecweb.beniculturali.it/images/fullsize/ICCD1010085/ICCD10239044_FP_ED_NE_514.jpg,https://w3id.org/arco/resource/PhotographicHeritage/1500818211,PhotographicHeritage,GENERAL,"Black and white [indAnswer: (22 - 36), indDescription: (67 - 81)]"
BLACKANDWHITE,Is it black and white or colored?,The cultural asset is black and white. (230 - 267),Black and white,http://www.sigecweb.beniculturali.it/images/fullsize/ICCD50007109/ICCD8353436_00250739.jpg,https://w3id.org/arco/resource/PhotographicHeritage/0800418536,PhotographicHeritage,GENERAL,"Black and white [indAnswer: (22 - 36), indDescription: (252 - 266)]"
BLACKANDWHITE,Is it black and white or colored?,The cultural asset is black and white. (338 - 375),Black and white,http://www.sigecweb.beniculturali.it/images/fullsize/ICCD50007109/ICCD8378208_FAV00016.jpg,https://w3id.org/arco/resource/PhotographicHeritage/0800417997,PhotographicHeritage,GENERAL,"Black and white [indAnswer: (22 - 36), indDescription: (360 - 374)]"
BLACKANDWHITE,Is it black and white or colored?,The cultural asset is black and white. (167 - 204),Black and white,http://www.sigecweb.beniculturali.it/images/fullsize/ICCD50007109/ICCD8353428_00250633.jpg,https://w3id.org/arco/resource/PhotographicHeritage/0800418532,PhotographicHeritage,GENERAL,"Black and white [indAnswer: (22 - 36), indDescription: (189 - 203)]"
BLACKANDWHITE,Is it black and white or colored?,The cultural asset is black and white. (246 - 283),Black and white,http://www.sigecweb.beniculturali.it/images/fullsize/ICCD50007109/ICCD5516477_00236976.jpg,https://w3id.org/arco/resource/PhotographicHeritage/0800392510,PhotographicHeritage,GENERAL,"Black and white [indAnswer: (22 - 36), indDescription: (268 - 282)]"
BLACKANDWHITE,Is it black and white or colored?,The cultural asset is black and white. (123 - 160),Black and white,http://www.sigecweb.beniculturali.it/images/fullsize/ICCD1014524/ICCD10469212_DISPACFP_IN_212.jpg,https://w3id.org/arco/resource/PhotographicHeritage/1500818886,PhotographicHeritage,GENERAL,"Black and white [indAnswer: (22 - 36), indDescription: (145 - 159)]"
BLACKANDWHITE,Is it black and white or colored?,The cultural asset is black and white. (179 - 216),Black and white,http://www.sigecweb.beniculturali.it/images/fullsize/ICCD50007125/ICCD5756394_6607.jpg,https://w3id.org/arco/resource/PhotographicHeritage/0900559972,PhotographicHeritage,GENERAL,"Black and white [indAnswer: (22 - 36), indDescription: (201 - 215)]"
BLACKANDWHITE,Is it black and white or colored?,The cultural asset is black and white. (0 - 37),Black and white,http://www.sigecweb.beniculturali.it/images/fullsize/ICCD50007125/ICCD5756376_6596.jpg,https://w3id.org/arco/resource/PhotographicHeritage/0900559963,PhotographicHeritage,GENERAL,"Black and white [indAnswer: (22 - 36), indDescription: (22 - 36)]"
BLACKANDWHITE,Is it black and white or colored?,The cultural asset is black and white. (128 - 165),Black and white,http://www.sigecweb.beniculturali.it/images/fullsize/ICCD50007109/ICCD8353426_00250632.jpg,https://w3id.org/arco/resource/PhotographicHeritage/0800418531,PhotographicHeritage,GENERAL,"Black and white [indAnswer: (22 - 36), indDescription: (150 - 164)]"
BLACKANDWHITE,Is it black and white or colored?,The cultural asset is black and white. (81 - 118),Black and white,http://www.sigecweb.beniculturali.it/images/fullsize/ICCD1060773/ICCD13809363_RilevFot.2018%2D867624%2D.jpg,https://w3id.org/arco/resource/PhotographicHeritage/1500867625,PhotographicHeritage,GENERAL,"Black and white [indAnswer: (22 - 36), indDescription: (103 - 117)]"
BLACKANDWHITE,Is it black and white or colored?,The cultural asset is black and white. (136 - 173),Black and white,http://www.sigecweb.beniculturali.it/images/fullsize/ICCD1014524/ICCD10469707_DISPACFP_IN_365.jpg,https://w3id.org/arco/resource/PhotographicHeritage/1500818913,PhotographicHeritage,GENERAL,"Black and white [indAnswer: (22 - 36), indDescription: (158 - 172)]"
BLACKANDWHITE,Is it black and white or colored?,The cultural asset is black and white. (252 - 289),Black and white,http://www.sigecweb.beniculturali.it/images/fullsize/ICCD12506/ICCD2237025_00156228.jpg,https://w3id.org/arco/resource/PhotographicHeritage/0100168562,PhotographicHeritage,GENERAL,"Black and white [indAnswer: (22 - 36), indDescription: (274 - 288)]"
BLACKANDWHITE,Is it black and white or colored?,The cultural asset is black and white. (46 - 83),Black and white,http://www.sigecweb.beniculturali.it/images/fullsize/ICCD1039018/ICCD13577911_D00197804.jpg,https://w3id.org/arco/resource/PhotographicHeritage/0300197804,PhotographicHeritage,GENERAL,"Black and white [indAnswer: (22 - 36), indDescription: (68 - 82)]"
BLACKANDWHITE,Is it black and white or colored?,The cultural asset is black and white. (246 - 283),Black and white,http://www.sigecweb.beniculturali.it/images/fullsize/ICCD50007109/ICCD5516449_00236962.jpg,https://w3id.org/arco/resource/PhotographicHeritage/0800392496,PhotographicHeritage,GENERAL,"Black and white [indAnswer: (22 - 36), indDescription: (268 - 282)]"
BLACKANDWHITE,Is it black and white or colored?,The cultural asset is black and white. (45 - 82),Black and white,http://www.sigecweb.beniculturali.it/images/fullsize/ICCD1010085/ICCD10239033_FP_ED_NE_512.jpg,https://w3id.org/arco/resource/PhotographicHeritage/1500818209,PhotographicHeritage,GENERAL,"Black and white [indAnswer: (22 - 36), indDescription: (67 - 81)]"
BLACKANDWHITE,Is it black and white or colored?,The cultural asset is black and white. (0 - 37),Black and white,http://www.sigecweb.beniculturali.it/images/fullsize/ICCD50007111/ICCD8596016_00133230.jpg,https://w3id.org/arco/resource/PhotographicHeritage/0800430892,PhotographicHeritage,GENERAL,"Black and white [indAnswer: (22 - 36), indDescription: (22 - 36)]"
